"","ONTOLOGY","ID","Description","GeneRatio","BgRatio","pvalue","p.adjust","qvalue","geneID","Count"
"GO:0044782","BP","GO:0044782","cilium organization","151/1270","418/28891",9.90417985696899e-97,4.25582608453958e-93,4.16288317567128e-93,"B9d1/Ift46/Tchp/Ccdc65/Dnah2/Odad4/Ift43/Ift22/Zmynd10/Cimap3/Cfap161/Ttll5/Enkd1/Dynlt2b/Ift27/Dnah1/Ahi1/Cfap54/Rfx4/Wdpcp/Pfn4/Tekt1/Ttc8/Fam161b/Mak/Pibf1/Dnaaf11/Ttll1/Spag6l/Cfap91/Cfap298/Cep89/Poc1a/Rsph9/Rsph1/Ift140/Tekt4/Rfx2/Arl3/Rp1/Dnaaf6rt/Cfap126/Meig1/Odf2/Kif3b/Aurka/Ccdc39/Ift80/Spag17/Cfap206/Ift74/Tekt2/Ift81/Wdr54/Ift122/Dnajb13/Dnhd1/Drc7/Dnaaf1/Jhy/Hoatz/Mns1/Ttc21a/Ift57/Stk36/Dnah8/Ccp110/Dnah17/Mks1/Spata6/2700049A03Rik/Ttc21b/Dnai4/Iqcg/Dcdc2a/Nme5/Ccdc38/Ccdc113/Cfap221/Ttc29/Cfap61/Bbs7/Spag1/Wdr19/Ptpdc1/Ift172/Tekt5/Tsga10ip/Cfap70/Odad3/Cep131/Ccdc40/Ift88/Ttc12/Gas8/Cfap69/Cep126/Rsph6a/Ulk4/Nme8/Dnah7b/Ak7/Dync2i1/Dzip1/Tekt3/Dnai3/Ubxn10/Cep164/Cfap43/Lca5l/Ccdc42/Iqub/Cfap58/Ccdc66/Cfap65/Dync2h1/Eno4/Tmem67/Gk2/Hyls1/Ccdc96/Spag16/Daw1/Dnaaf3/Lrguk/Ift56/Rpgrip1/Hydin/Kif27/Dnai1/Cep128/Odad2/Armc9/Lrrc43/Mapk15/Wdr35/Celsr2/Armc2/Cfap44/Spef2/Lrrc61/Drc1/Fsip2/Ift70a1/Ift70a2/Ccdc13/Pierce2/Ttbk2/Dnah7a/Dnah7c/Cc2d2b",151
"GO:0003341","BP","GO:0003341","cilium movement","115/1270","234/28891",5.98249829649119e-92,1.28533975900113e-88,1.25726924725733e-88,"Ccdc65/Dnah2/Odad4/Zmynd10/Ttll5/Dnah1/Slc22a16/Cfap54/Pfn4/Tekt1/Cfap52/Ddx4/Dnah12/Ropn1l/Dnaaf11/Ttll1/Septin12/Spag6l/Cfap298/Tcte1/Rsph9/Tekt4/Lztfl1/Dnaaf6rt/Cfap45/Adcy10/Meig1/Enkur/Sord/Ccdc39/Spag17/Cfap206/Tekt2/Nsun7/Cfap251/Ift81/Tmf1/Ldhc/Dnhd1/Pgk2/Adam3/Drc7/Dnaaf1/Jhy/Hoatz/Mns1/Kif9/Ttc21a/Slc9c1/Stk36/Catsper2/Dnah8/Dnah17/Dnai4/Cfap53/Iqcg/Nme5/Ccdc38/Cfap221/Ttc29/Cfap61/Ttll6/Tekt5/Cfap70/Odad3/Cep131/Ccdc40/Ift88/Ttc12/Gas8/Cfap69/Catsperd/Rsph6a/Ulk4/Nme8/Dnah7b/Ak7/Dzip1/Tekt3/Nek10/Dnali1/Dnai3/Cfap43/Tmem232/Cfap58/Cfap65/Dync2h1/Dnah14/Eno4/Spata33/Slc9b1/Gk2/Catsperz/Insl6/Dnah6/Spag16/Daw1/Hydin/Kif27/Dnai1/Cep128/Odad2/Celsr2/Qrich2/Armc2/Cfap44/C2cd6/Spef2/Drc1/Fsip2/Pierce2/Catspere2/Dnah7a/Dnah7c/Catspere1",115
"GO:0060271","BP","GO:0060271","cilium assembly","140/1270","387/28891",1.10560445440058e-89,1.58359411351977e-86,1.54901003032334e-86,"B9d1/Ift46/Tchp/Ccdc65/Dnah2/Odad4/Ift43/Ift22/Zmynd10/Cfap161/Ttll5/Enkd1/Dynlt2b/Ift27/Dnah1/Ahi1/Cfap54/Rfx4/Wdpcp/Pfn4/Tekt1/Ttc8/Mak/Pibf1/Dnaaf11/Ttll1/Spag6l/Cfap91/Cfap298/Cep89/Poc1a/Rsph9/Rsph1/Ift140/Tekt4/Rfx2/Arl3/Rp1/Dnaaf6rt/Meig1/Odf2/Kif3b/Ccdc39/Ift80/Spag17/Cfap206/Ift74/Tekt2/Ift81/Wdr54/Ift122/Dnajb13/Dnhd1/Drc7/Dnaaf1/Jhy/Hoatz/Mns1/Ift57/Stk36/Dnah8/Ccp110/Dnah17/Mks1/Spata6/2700049A03Rik/Ttc21b/Dnai4/Iqcg/Dcdc2a/Nme5/Ccdc38/Ccdc113/Cfap221/Cfap61/Bbs7/Spag1/Wdr19/Ptpdc1/Ift172/Tekt5/Cfap70/Odad3/Cep131/Ccdc40/Ift88/Ttc12/Gas8/Cfap69/Cep126/Rsph6a/Ulk4/Nme8/Dnah7b/Ak7/Dync2i1/Dzip1/Tekt3/Dnai3/Ubxn10/Cep164/Cfap43/Ccdc42/Iqub/Cfap58/Ccdc66/Cfap65/Dync2h1/Tmem67/Gk2/Hyls1/Ccdc96/Spag16/Daw1/Dnaaf3/Lrguk/Ift56/Rpgrip1/Hydin/Kif27/Dnai1/Cep128/Odad2/Armc9/Lrrc43/Mapk15/Wdr35/Celsr2/Armc2/Cfap44/Spef2/Lrrc61/Drc1/Fsip2/Ccdc13/Pierce2/Ttbk2/Dnah7a/Dnah7c/Cc2d2b",140
"GO:0007018","BP","GO:0007018","microtubule-based movement","146/1270","449/28891",4.24670775467511e-86,4.56202580545974e-83,4.46239580642572e-83,"Ift46/Ccdc65/Dnah2/Odad4/Ift43/Ift22/Zmynd10/Ttll5/Dynlt2b/Ift27/Dnah1/Slc22a16/Cfap54/Wdpcp/Pfn4/Tekt1/Cfap52/Mak/Agtpbp1/Ddx4/Dnah12/Ropn1l/Dnaaf11/Ttll1/Septin12/Spag6l/Cfap298/Tcte1/Rsph9/Kif6/Ift140/Tekt4/Arl3/Lztfl1/Dnaaf6rt/Cfap45/Adcy10/Meig1/Enkur/Dync1i2/Sord/Kif3b/Ccdc39/Ift80/Spag17/Cfap206/Ift74/Tekt2/Nsun7/Cfap251/Ift81/Tmf1/Ift122/Ldhc/Dnhd1/Pgk2/Adam3/Drc7/Kifc3/Dnaaf1/Jhy/Hoatz/Mns1/Kif9/Ttc21a/Ift57/Slc9c1/Stk36/Catsper2/Dnah8/Dnah17/Dynlrb2/Ttc21b/Dnai4/Cfap53/Iqcg/Nme5/Ccdc38/Cfap221/Ttc29/Cfap61/Wdr19/Ift172/Ttll6/Tekt5/Mreg/Cfap70/Odad3/Cep131/Ccdc40/Ift88/Ttc12/Gas8/Cfap69/Catsperd/Rsph6a/Ulk4/Nme8/Dnah7b/Ak7/Dync2i1/Dzip1/Tekt3/Nek10/Dnali1/Dnai3/Dnai7/Cfap43/Tmem232/Lca5l/Cfap58/Cfap65/Dync2h1/Dnah14/Eno4/Spata33/Slc9b1/Gk2/Catsperz/Insl6/Dnah6/Spag16/Daw1/Ift56/Hydin/Kif27/Agbl4/Dnai1/Cep128/Odad2/Wdr35/Celsr2/Qrich2/Armc2/Cfap44/C2cd6/Spef2/Drc1/Fsip2/Ift70a1/Ift70a2/Pierce2/Catspere2/Dnah7a/Dnah7c/Catspere1",146
"GO:0001539","BP","GO:0001539","cilium or flagellum-dependent cell motility","95/1270","195/28891",1.68529679205243e-75,1.20695338590822e-72,1.18059475274831e-72,"Ift46/Ccdc65/Dnah2/Ttll5/Dnah1/Slc22a16/Cfap54/Pfn4/Tekt1/Cfap52/Ddx4/Dnah12/Ropn1l/Dnaaf11/Ttll1/Septin12/Spag6l/Tcte1/Rsph9/Tekt4/Lztfl1/Dnaaf6rt/Cfap45/Meig1/Enkur/Sord/Ccdc39/Cfap206/Tekt2/Nsun7/Cfap251/Ift81/Tmf1/Ldhc/Dnhd1/Pgk2/Adam3/Drc7/Hoatz/Mns1/Kif9/Ttc21a/Slc9c1/Catsper2/Dnah8/Dnah17/Cfap53/Iqcg/Ccdc38/Cfap221/Cfap61/Ttll6/Tekt5/Odad3/Cep131/Ccdc40/Ift88/Ttc12/Gas8/Cfap69/Catsperd/Rsph6a/Nme8/Dnah7b/Efhc1/Dzip1/Tekt3/Dnai3/Cfap43/Tmem232/Cfap58/Cfap65/Dync2h1/Dnah14/Eno4/Spata33/Slc9b1/Gk2/Catsperz/Insl6/Dnah6/Spag16/Dnai1/Cep128/Qrich2/Armc2/Cfap44/C2cd6/Spef2/Drc1/Fsip2/Catspere2/Dnah7a/Dnah7c/Catspere1",95
"GO:0060285","BP","GO:0060285","cilium-dependent cell motility","95/1270","195/28891",1.68529679205243e-75,1.20695338590822e-72,1.18059475274831e-72,"Ift46/Ccdc65/Dnah2/Ttll5/Dnah1/Slc22a16/Cfap54/Pfn4/Tekt1/Cfap52/Ddx4/Dnah12/Ropn1l/Dnaaf11/Ttll1/Septin12/Spag6l/Tcte1/Rsph9/Tekt4/Lztfl1/Dnaaf6rt/Cfap45/Meig1/Enkur/Sord/Ccdc39/Cfap206/Tekt2/Nsun7/Cfap251/Ift81/Tmf1/Ldhc/Dnhd1/Pgk2/Adam3/Drc7/Hoatz/Mns1/Kif9/Ttc21a/Slc9c1/Catsper2/Dnah8/Dnah17/Cfap53/Iqcg/Ccdc38/Cfap221/Cfap61/Ttll6/Tekt5/Odad3/Cep131/Ccdc40/Ift88/Ttc12/Gas8/Cfap69/Catsperd/Rsph6a/Nme8/Dnah7b/Efhc1/Dzip1/Tekt3/Dnai3/Cfap43/Tmem232/Cfap58/Cfap65/Dync2h1/Dnah14/Eno4/Spata33/Slc9b1/Gk2/Catsperz/Insl6/Dnah6/Spag16/Dnai1/Cep128/Qrich2/Armc2/Cfap44/C2cd6/Spef2/Drc1/Fsip2/Catspere2/Dnah7a/Dnah7c/Catspere1",95
"GO:0060294","BP","GO:0060294","cilium movement involved in cell motility","91/1270","189/28891",9.62728343910656e-72,5.90977670540584e-69,5.78071319885e-69,"Dnah2/Ttll5/Dnah1/Slc22a16/Cfap54/Pfn4/Tekt1/Cfap52/Ddx4/Dnah12/Ropn1l/Dnaaf11/Ttll1/Septin12/Spag6l/Tcte1/Rsph9/Tekt4/Lztfl1/Dnaaf6rt/Cfap45/Meig1/Enkur/Sord/Ccdc39/Cfap206/Tekt2/Nsun7/Cfap251/Ift81/Tmf1/Ldhc/Dnhd1/Pgk2/Adam3/Drc7/Hoatz/Mns1/Kif9/Ttc21a/Slc9c1/Catsper2/Dnah8/Dnah17/Cfap53/Iqcg/Ccdc38/Cfap221/Cfap61/Ttll6/Tekt5/Odad3/Cep131/Ccdc40/Ift88/Ttc12/Gas8/Cfap69/Catsperd/Rsph6a/Nme8/Dnah7b/Dzip1/Tekt3/Dnai3/Cfap43/Tmem232/Cfap58/Cfap65/Dync2h1/Dnah14/Eno4/Spata33/Slc9b1/Gk2/Catsperz/Insl6/Dnah6/Spag16/Dnai1/Cep128/Qrich2/Armc2/Cfap44/C2cd6/Spef2/Fsip2/Catspere2/Dnah7a/Dnah7c/Catspere1",91
"GO:0035082","BP","GO:0035082","axoneme assembly","65/1270","99/28891",1.16897752966431e-63,6.27887055620943e-61,6.14174641572315e-61,"Ift46/Ccdc65/Dnah2/Odad4/Zmynd10/Ttll5/Dnah1/Dnaaf11/Ttll1/Spag6l/Cfap91/Rsph9/Rsph1/Rp1/Dnaaf6rt/Meig1/Ccdc39/Spag17/Cfap206/Tekt2/Dnajb13/Drc7/Dnaaf1/Jhy/Hoatz/Mns1/Stk36/Dnah8/Dnah17/Dnai4/Iqcg/Spag1/Odad3/Cep131/Ccdc40/Ift88/Ttc12/Gas8/Cfap69/Rsph6a/Ulk4/Dnah7b/Ak7/Dnai3/Cfap43/Cfap58/Cfap65/Spag16/Daw1/Dnaaf3/Lrguk/Ift56/Hydin/Dnai1/Odad2/Lrrc43/Armc2/Cfap44/Spef2/Lrrc61/Drc1/Fsip2/Pierce2/Dnah7a/Dnah7c",65
"GO:0097722","BP","GO:0097722","sperm motility","78/1270","172/28891",4.87665920413882e-59,2.32833384446495e-56,2.27748540375746e-56,"Zmynd10/Ttll5/Dnah1/Slc22a16/Cfap54/Pfn4/Cfap52/Ddx4/Ropn1l/Dnaaf11/Ttll1/Septin12/Spag6l/Tcte1/Lztfl1/Dnaaf6rt/Cfap45/Meig1/Enkur/Sord/Ccdc39/Cfap206/Tekt2/Nsun7/Cfap251/Ift81/Tmf1/Ldhc/Dnhd1/Pgk2/Adam3/Drc7/Hoatz/Mns1/Kif9/Ttc21a/Slc9c1/Catsper2/Cfap53/Iqcg/Ccdc38/Cfap221/Cfap61/Odad3/Cep131/Ccdc40/Ift88/Ttc12/Gas8/Cfap69/Catsperd/Rsph6a/Nme8/Dzip1/Tekt3/Cfap43/Tmem232/Tmprss12/Cfap58/Cfap65/Eno4/Spata33/Cox7b2/Slc9b1/Gk2/Catsperz/Insl6/Spag16/Dnai1/Cep128/Qrich2/Armc2/Cfap44/C2cd6/Spef2/Fsip2/Catspere2/Catspere1",78
"GO:0001578","BP","GO:0001578","microtubule bundle formation","69/1270","132/28891",9.06962696020884e-58,3.89721870480174e-55,3.81210741601199e-55,"Ift46/Ccdc65/Dnah2/Odad4/Zmynd10/Ttll5/Dnah1/Dnaaf11/Ttll1/Spag6l/Cfap91/Rsph9/Rsph1/Rp1/Dnaaf6rt/Meig1/Ccdc39/Spag17/Cfap206/Tekt2/Dnajb13/Drc7/Dnaaf1/Jhy/Hoatz/Mns1/Stk36/Dnah8/Dnah17/Dnai4/Iqcg/Spag1/Ttll6/Prc1/Cdk5rap2/Odad3/Cep131/Ccdc40/Ift88/Ttc12/Gas8/Cfap69/Rsph6a/Ulk4/Dnah7b/Ak7/Dnai3/Cfap43/Cfap58/Ccdc66/Cfap65/Spag16/Daw1/Dnaaf3/Lrguk/Ift56/Hydin/Dnai1/Odad2/Lrrc43/Armc2/Cfap44/Spef2/Lrrc61/Drc1/Fsip2/Pierce2/Dnah7a/Dnah7c",69
"GO:0030317","BP","GO:0030317","flagellated sperm motility","75/1270","164/28891",3.88384346911445e-57,1.51717048970771e-54,1.48403703083005e-54,"Ttll5/Dnah1/Slc22a16/Cfap54/Pfn4/Cfap52/Ddx4/Ropn1l/Dnaaf11/Ttll1/Septin12/Spag6l/Tcte1/Lztfl1/Dnaaf6rt/Cfap45/Meig1/Enkur/Sord/Ccdc39/Cfap206/Tekt2/Nsun7/Cfap251/Ift81/Tmf1/Ldhc/Dnhd1/Pgk2/Adam3/Drc7/Hoatz/Mns1/Kif9/Ttc21a/Slc9c1/Catsper2/Cfap53/Iqcg/Ccdc38/Cfap221/Cfap61/Odad3/Cep131/Ccdc40/Ift88/Ttc12/Gas8/Cfap69/Catsperd/Rsph6a/Nme8/Dzip1/Tekt3/Cfap43/Tmem232/Cfap58/Cfap65/Eno4/Spata33/Slc9b1/Gk2/Catsperz/Insl6/Spag16/Dnai1/Cep128/Qrich2/Armc2/Cfap44/C2cd6/Spef2/Fsip2/Catspere2/Catspere1",75
"GO:0048515","BP","GO:0048515","spermatid differentiation","88/1270","294/28891",1.64626102290628e-48,5.89498634619023e-46,5.76624584602173e-46,"Rnf17/Dmrtc2/Ttll5/Zpbp2/Ybx2/Dnah1/Cfap54/Pcsk4/Zpbp/Pfn4/Ropn1l/Ttll1/Spag6l/Rsph1/Rfx2/Adad2/Ica1l/Axdnd1/Meig1/Nphp1/Adad1/Spag17/Nup210l/Cfap206/Fancg/Eif4g3/Brdt/Piwil1/Ift81/Ccdc136/Tmf1/Ddias/Dnhd1/Drc7/Ddx25/Mns1/Ttc21a/Catsper2/Iqcg/Nme5/Ccdc38/Cfap221/Cfap61/Pacrg/Spata16/Cep131/Ift88/Ttc12/Cfap69/Sox30/Catsperd/Psme4/Rsph6a/Dzip1/Pld6/Cfap43/Ccdc42/Cfap58/Catsperb/Cfap65/Gk2/Catsperz/Insl6/Zfp42/Spink2/Spag16/Kdm3a/Ift56/Hspa2/Tdrd5/Cep128/Ccdc62/Tcp11/Armc2/Tbpl1/Ccnb1ip1/Cfap44/Rimbp3/Bscl2/C2cd6/Spef2/Acrbp/Fsip2/Dpy19l2/Catspere2/Actl9/Cfap73/Catspere1",88
"GO:0007286","BP","GO:0007286","spermatid development","86/1270","283/28891",5.12105272377468e-48,1.69270488877383e-45,1.65573793733055e-45,"Rnf17/Dmrtc2/Ttll5/Zpbp2/Ybx2/Dnah1/Cfap54/Pcsk4/Zpbp/Pfn4/Ropn1l/Ttll1/Spag6l/Rsph1/Rfx2/Adad2/Ica1l/Axdnd1/Meig1/Adad1/Spag17/Nup210l/Cfap206/Fancg/Eif4g3/Brdt/Piwil1/Ift81/Ccdc136/Tmf1/Ddias/Dnhd1/Drc7/Ddx25/Mns1/Ttc21a/Catsper2/Iqcg/Nme5/Ccdc38/Cfap221/Cfap61/Pacrg/Spata16/Cep131/Ift88/Ttc12/Cfap69/Sox30/Catsperd/Psme4/Rsph6a/Dzip1/Pld6/Cfap43/Ccdc42/Cfap58/Catsperb/Cfap65/Gk2/Catsperz/Insl6/Zfp42/Spink2/Spag16/Kdm3a/Ift56/Hspa2/Tdrd5/Cep128/Ccdc62/Tcp11/Armc2/Tbpl1/Ccnb1ip1/Cfap44/Rimbp3/C2cd6/Spef2/Acrbp/Fsip2/Dpy19l2/Catspere2/Actl9/Cfap73/Catspere1",86
"GO:0044458","BP","GO:0044458","motile cilium assembly","47/1270","79/28891",2.47909160927596e-43,7.60904046075628e-41,7.44286676378865e-41,"Zmynd10/Ttll5/Enkd1/Dnah1/Ahi1/Cfap54/Pfn4/Dnaaf11/Ttll1/Spag6l/Rsph9/Meig1/Ccdc39/Spag17/Cfap206/Ift81/Dnhd1/Drc7/Dnaaf1/Jhy/Mns1/Ift57/Mks1/Spata6/Iqcg/Ccdc38/Cfap221/Cfap61/Cep131/Ccdc40/Ift88/Ttc12/Cfap69/Rsph6a/Ulk4/Dzip1/Cfap43/Cfap58/Cfap65/Gk2/Spag16/Dnaaf3/Cep128/Armc2/Cfap44/Spef2/Fsip2",47
"GO:0007281","BP","GO:0007281","germ cell development","99/1270","453/28891",4.28478695868713e-41,1.22744863743191e-38,1.20064240884475e-38,"Rnf17/Gmcl1/Dmrtc2/Ttll5/Zpbp2/Ybx2/Dnah1/Cfap54/Pcsk4/Zpbp/Pfn4/Ropn1l/Ttll1/Spag6l/Stk31/Rsph1/Rfx2/Adad2/Tdrd1/Ica1l/Axdnd1/Meig1/Aurka/Adad1/Spag17/Nup210l/Cfap206/Fancg/Eif4g3/Brdt/Piwil1/Ift81/Ccdc136/Tmf1/Tdrd12/Ddias/Dnhd1/Drc7/Ddx25/Mns1/Prss44/Ttc21a/Catsper2/Piwil2/Tdrd7/Iqcg/Nme5/Ccdc38/Cfap221/Cfap61/Pacrg/Spata16/Cep131/Ift88/Tdrd6/Ttc12/Cfap69/Sox30/Catsperd/Psme4/Rsph6a/Dzip1/Pld6/Prss42/Cfap43/Ccdc42/Cfap58/Catsperb/Cfap65/Gk2/Catsperz/Insl6/Zfp42/Spdya/Spink2/Spag16/Rxfp2/Kdm3a/Ift56/Prss43/Hspa2/Tdrd5/Cep128/Ccdc62/Tcp11/Armc2/Tbpl1/Ccnb1ip1/Cfap44/Rimbp3/C2cd6/Spef2/Acrbp/Fsip2/Dpy19l2/Catspere2/Actl9/Cfap73/Catspere1",99
"GO:0120316","BP","GO:0120316","sperm flagellum assembly","32/1270","48/28891",2.96234265211786e-32,7.95574148509403e-30,7.78199619072804e-30,"Ttll5/Dnah1/Cfap54/Pfn4/Ttll1/Spag6l/Meig1/Cfap206/Ift81/Dnhd1/Drc7/Mns1/Iqcg/Ccdc38/Cfap221/Cfap61/Cep131/Ift88/Ttc12/Cfap69/Rsph6a/Dzip1/Cfap43/Cfap58/Cfap65/Gk2/Spag16/Cep128/Armc2/Cfap44/Spef2/Fsip2",32
"GO:0099111","BP","GO:0099111","microtubule-based transport","60/1270","222/28891",1.15432481235949e-30,2.91772571688748e-28,2.85400555774082e-28,"Ift46/Odad4/Ift43/Ift22/Dynlt2b/Ift27/Dnah1/Cfap54/Wdpcp/Mak/Agtpbp1/Dnaaf11/Ttll1/Spag6l/Ift140/Arl3/Cfap45/Adcy10/Dync1i2/Kif3b/Ccdc39/Ift80/Spag17/Ift74/Ift81/Ift122/Jhy/Ttc21a/Ift57/Stk36/Ttc21b/Cfap53/Nme5/Ccdc38/Cfap221/Wdr19/Ift172/Mreg/Odad3/Cep131/Ccdc40/Ift88/Gas8/Ulk4/Ak7/Dync2i1/Nek10/Cfap43/Lca5l/Dync2h1/Spag16/Daw1/Ift56/Kif27/Agbl4/Dnai1/Wdr35/Spef2/Ift70a1/Ift70a2",60
"GO:0070286","BP","GO:0070286","axonemal dynein complex assembly","27/1270","38/28891",1.33138767328047e-28,3.17831824004789e-26,3.1089070055023e-26,"Ccdc65/Dnah2/Odad4/Zmynd10/Dnah1/Dnaaf11/Dnaaf6rt/Ccdc39/Tekt2/Dnaaf1/Dnah8/Dnah17/Dnai4/Spag1/Odad3/Ccdc40/Ttc12/Dnah7b/Dnai3/Daw1/Dnaaf3/Dnai1/Odad2/Lrrc61/Drc1/Dnah7a/Dnah7c",27
"GO:0003351","BP","GO:0003351","epithelial cilium movement involved in extracellular fluid movement","27/1270","44/28891",5.88826837754542e-26,1.33167837991119e-23,1.30259587986365e-23,"Odad4/Dnah1/Cfap54/Dnaaf11/Ttll1/Spag6l/Cfap45/Adcy10/Ccdc39/Spag17/Jhy/Stk36/Cfap53/Nme5/Cfap221/Odad3/Ccdc40/Gas8/Ulk4/Ak7/Nek10/Cfap43/Spag16/Daw1/Kif27/Dnai1/Spef2",27
"GO:0042073","BP","GO:0042073","intraciliary transport","29/1270","53/28891",9.19775988130427e-26,1.97613871049822e-23,1.93298185294989e-23,"Ift46/Ift43/Ift22/Dynlt2b/Ift27/Wdpcp/Mak/Ift140/Arl3/Kif3b/Ift80/Ift74/Ift81/Ift122/Ttc21a/Ift57/Ttc21b/Ccdc38/Wdr19/Ift172/Cep131/Ift88/Dync2i1/Lca5l/Dync2h1/Ift56/Wdr35/Ift70a1/Ift70a2",29
"GO:0006858","BP","GO:0006858","extracellular transport","27/1270","47/28891",7.37504031133444e-25,1.50907372465734e-22,1.47611709088513e-22,"Odad4/Dnah1/Cfap54/Dnaaf11/Ttll1/Spag6l/Cfap45/Adcy10/Ccdc39/Spag17/Jhy/Stk36/Cfap53/Nme5/Cfap221/Odad3/Ccdc40/Gas8/Ulk4/Ak7/Nek10/Cfap43/Spag16/Daw1/Kif27/Dnai1/Spef2",27
"GO:0007288","BP","GO:0007288","sperm axoneme assembly","21/1270","31/28891",7.91818981470753e-22,1.54656643789992e-19,1.51279100144149e-19,"Ttll5/Dnah1/Ttll1/Spag6l/Meig1/Cfap206/Drc7/Mns1/Iqcg/Cep131/Ift88/Ttc12/Cfap69/Cfap43/Cfap58/Cfap65/Spag16/Armc2/Cfap44/Spef2/Fsip2",21
"GO:0009566","BP","GO:0009566","fertilization","47/1270","218/28891",7.61480101901521e-20,1.42264347733515e-17,1.3915743921706e-17,"Spa17/Clgn/Atp8b3/Ttll5/Zpbp2/Slc22a16/Pcsk4/Zpbp/Glipr1l1/Adam2/Ppp3cc/Nell2/Arsa/Acr/Nectin3/Plcd4/Iftap/Ppp3r2/Ccdc136/Ybx3/Tdrd12/Dkkl1/Adam18/Adam3/Adam5/Wdr48/Catsper2/Fam170a/Adam32/Spag1/Cfap69/Mael/Tmprss12/Spesp1/Spata33/Slc9b1/Insl6/Pkdrej/Spink2/Tdrd9/Adam1b/Spag8/Ccdc87/Tcp1/Rimbp3/Acrbp/Actl9",47
"GO:0061512","BP","GO:0061512","protein localization to cilium","27/1270","74/28891",2.82611087174578e-18,5.05991600662151e-16,4.94941259249162e-16,"Odad4/Zmynd10/Cdk20/Dnaaf11/Ift140/Arl3/Lztfl1/Ccdc39/Ift80/Ift122/Ttc21a/Ttc21b/Cfap53/Wdr19/Ccdc40/Gas8/Dzip1/Pcare/Cfap58/Ccdc66/Dync2h1/Ift56/Mapk15/Wdr35/Efcab7/Fsip2/Cc2d2b",27
"GO:0090660","BP","GO:0090660","cerebrospinal fluid circulation","15/1270","19/28891",1.34056075291471e-17,2.3041558221098e-15,2.25383540479513e-15,"Odad4/Cfap54/Dnaaf11/Spag6l/Cfap45/Ccdc39/Jhy/Cfap53/Cfap221/Odad3/Ulk4/Cfap43/Spag16/Daw1/Spef2",15
"GO:1905515","BP","GO:1905515","non-motile cilium assembly","26/1270","77/28891",1.09545518314586e-16,1.81045035460682e-14,1.77091196206535e-14,"Enkd1/Ahi1/Ttc8/Mak/Pibf1/Spag6l/Cep89/Poc1a/Ift140/Rp1/Ift80/Ift74/Ift122/Ift57/Mks1/Bbs7/Ift172/Cep131/Ift88/Cep126/Dync2h1/Tmem67/Rpgrip1/Ccdc13/Ttbk2/Cc2d2b",26
"GO:0051321","BP","GO:0051321","meiotic cell cycle","53/1270","350/28891",3.60103871008633e-15,5.73098642120035e-13,5.60582751242679e-13,"Clgn/Dmrtc2/Chfr/Psmc3ip/Meikin/Mlh3/Ddx4/Pkmyt1/Rsph1/Tesmin/Tdrd1/Syce1/Mybl1/Boll/Spata17/Nek2/Meig1/Nuf2/Aurka/Ccna1/Eif4g3/Brdt/Piwil1/Tdrd12/Ccnb2/Mns1/Cep63/Syce1l/Piwil2/Smc4/Slc26a8/Psma8/Siah1a/Slx4/Mael/Ago4/Shcbp1l/Pld6/Fbxo43/Morc2b/Haspin/Catsperz/Kctd19/Spdya/Tdrd9/Hspa2/Rpl10l/Arhgap33os/Mapk15/Aurkc/Ccnb1ip1/Cntd1/Rad54b",53
"GO:0036159","BP","GO:0036159","inner dynein arm assembly","13/1270","18/28891",1.50407105920931e-14,2.30821190765085e-12,2.25780290955743e-12,"Dnah2/Zmynd10/Dnah1/Dnaaf11/Dnaaf6rt/Ccdc39/Tekt2/Dnaaf1/Ccdc40/Dnah7b/Dnai3/Dnah7a/Dnah7c",13
"GO:0140013","BP","GO:0140013","meiotic nuclear division","39/1270","213/28891",3.22286522387608e-14,4.7753971955157e-12,4.67110738255434e-12,"Dmrtc2/Chfr/Psmc3ip/Meikin/Mlh3/Ddx4/Tesmin/Syce1/Mybl1/Nuf2/Aurka/Eif4g3/Brdt/Tdrd12/Ccnb2/Cep63/Syce1l/Piwil2/Smc4/Psma8/Siah1a/Slx4/Mael/Ago4/Shcbp1l/Fbxo43/Morc2b/Haspin/Catsperz/Kctd19/Spdya/Tdrd9/Hspa2/Rpl10l/Arhgap33os/Mapk15/Ccnb1ip1/Cntd1/Rad54b",39
"GO:0007224","BP","GO:0007224","smoothened signaling pathway","34/1270","168/28891",6.90028673054224e-14,9.74328794871071e-12,9.53050445946422e-12,"B9d1/Ift46/Ift27/Uchl5/Rfx4/Wdpcp/Tubd1/Cdk20/Ift140/Arl3/Ift80/Ift81/Ift122/Ttc23/Ift57/Stk36/Mks1/2700049A03Rik/Ttc21b/Dcdc2a/Bbs7/Pkd2l1/Wdr19/Ptpdc1/Ift172/Ift88/Gas8/Dzip1/Iqub/Dync2h1/Ift56/Rfx8/Armc9/Ttbk2",34
"GO:1903046","BP","GO:1903046","meiotic cell cycle process","41/1270","239/28891",7.02913489434564e-14,9.74328794871071e-12,9.53050445946422e-12,"Dmrtc2/Chfr/Psmc3ip/Meikin/Mlh3/Ddx4/Pkmyt1/Tesmin/Syce1/Mybl1/Spata17/Nuf2/Aurka/Eif4g3/Brdt/Tdrd12/Ccnb2/Cep63/Syce1l/Piwil2/Smc4/Psma8/Siah1a/Slx4/Mael/Ago4/Shcbp1l/Fbxo43/Morc2b/Haspin/Catsperz/Kctd19/Spdya/Tdrd9/Hspa2/Rpl10l/Arhgap33os/Mapk15/Ccnb1ip1/Cntd1/Rad54b",41
"GO:0035720","BP","GO:0035720","intraciliary anterograde transport","13/1270","20/28891",1.25315155846285e-13,1.68274757709839e-11,1.64599808320465e-11,"Ift46/Ift22/Ift27/Ift80/Ift74/Ift81/Ift122/Ift57/Ccdc38/Ift172/Ift88/Ift56/Ift70a1",13
"GO:0061982","BP","GO:0061982","meiosis I cell cycle process","30/1270","139/28891",3.46050025589131e-13,4.50599078774696e-11,4.40758453645103e-11,"Dmrtc2/Psmc3ip/Meikin/Mlh3/Ddx4/Pkmyt1/Syce1/Mybl1/Aurka/Eif4g3/Brdt/Ccnb2/Cep63/Syce1l/Piwil2/Psma8/Siah1a/Slx4/Mael/Ago4/Morc2b/Haspin/Spdya/Tdrd9/Hspa2/Rpl10l/Mapk15/Ccnb1ip1/Cntd1/Rad54b",30
"GO:0060972","BP","GO:0060972","left/right pattern formation","30/1270","141/28891",5.13999692401384e-13,6.49604905367279e-11,6.35418195590937e-11,"Odad4/Cimap3/Cfap52/Dnaaf11/Ift140/Cfap45/Enkur/Ccdc39/Ift74/Dvl1/Ift122/Mesp1/Dnaaf1/Mns1/Ift57/Mks1/Cfap53/Ift172/Odad3/Ccdc40/Ift88/Gas8/Dync2h1/Tmem67/Daw1/Dnaaf3/Dnai1/Odad2/Drc1/Pierce2",30
"GO:0010970","BP","GO:0010970","transport along microtubule","34/1270","180/28891",5.59302023105851e-13,6.86663083795954e-11,6.71667061131327e-11,"Ift46/Ift43/Ift22/Dynlt2b/Ift27/Wdpcp/Mak/Agtpbp1/Ift140/Arl3/Dync1i2/Kif3b/Ift80/Spag17/Ift74/Ift81/Ift122/Ttc21a/Ift57/Ttc21b/Ccdc38/Wdr19/Ift172/Mreg/Cep131/Ift88/Dync2i1/Lca5l/Dync2h1/Ift56/Agbl4/Wdr35/Ift70a1/Ift70a2",34
"GO:0034587","BP","GO:0034587","piRNA processing","13/1270","22/28891",7.40504916731302e-13,8.8387489644289e-11,8.64571968569617e-11,"Ddx4/Stk31/Tdrd1/Piwil1/Tdrd12/Piwil2/Tdrd7/Tdrd6/Mael/Pld6/Henmt1/Tdrd9/Tdrd5",13
"GO:0007338","BP","GO:0007338","single fertilization","32/1270","169/28891",2.49948688371199e-12,2.9027824700839e-10,2.83938865623385e-10,"Spa17/Clgn/Atp8b3/Zpbp2/Slc22a16/Pcsk4/Zpbp/Glipr1l1/Adam2/Ppp3cc/Arsa/Acr/Plcd4/Iftap/Ppp3r2/Ccdc136/Dkkl1/Adam18/Adam3/Adam5/Wdr48/Adam32/Spag1/Tmprss12/Spesp1/Slc9b1/Pkdrej/Adam1b/Spag8/Ccdc87/Tcp1/Actl9",32
"GO:0007127","BP","GO:0007127","meiosis I","28/1270","134/28891",4.84947515472703e-12,5.48373545785843e-10,5.36397625840029e-10,"Dmrtc2/Psmc3ip/Meikin/Mlh3/Ddx4/Syce1/Mybl1/Aurka/Eif4g3/Brdt/Ccnb2/Cep63/Syce1l/Piwil2/Psma8/Siah1a/Slx4/Mael/Ago4/Morc2b/Haspin/Spdya/Tdrd9/Hspa2/Rpl10l/Ccnb1ip1/Cntd1/Rad54b",28
"GO:0007140","BP","GO:0007140","male meiotic nuclear division","19/1270","61/28891",7.39437405681144e-12,8.14708341592788e-10,7.96915940859597e-10,"Dmrtc2/Meikin/Mlh3/Ddx4/Tesmin/Mybl1/Brdt/Tdrd12/Siah1a/Mael/Ago4/Shcbp1l/Catsperz/Kctd19/Spdya/Tdrd9/Hspa2/Rpl10l/Arhgap33os",19
"GO:0007339","BP","GO:0007339","binding of sperm to zona pellucida","17/1270","49/28891",1.31609606888405e-11,1.41381620199869e-09,1.38293989554053e-09,"Spa17/Clgn/Atp8b3/Zpbp2/Pcsk4/Zpbp/Glipr1l1/Adam2/Arsa/Acr/Adam18/Adam3/Adam5/Adam32/Tmprss12/Adam1b/Tcp1",17
"GO:0030705","BP","GO:0030705","cytoskeleton-dependent intracellular transport","35/1270","214/28891",1.90450780737706e-11,1.99601708495103e-09,1.95242610394264e-09,"Ift46/Ift43/Ift22/Dynlt2b/Ift27/Wdpcp/Mak/Agtpbp1/Ift140/Arl3/Dync1i2/Kif3b/Ift80/Spag17/Ift74/Ift81/Ift122/Ttc21a/Ift57/Ttc21b/Ccdc38/Wdr19/Ift172/Mreg/Cep131/Ift88/Dync2i1/Lca5l/Dync2h1/Ccdc88b/Ift56/Agbl4/Wdr35/Ift70a1/Ift70a2",35
"GO:0120197","BP","GO:0120197","mucociliary clearance","9/1270","11/28891",3.0277736701732e-11,3.09770082398434e-09,3.03005019172972e-09,"Odad4/Cfap54/Ttll1/Spag6l/Cfap221/Nek10/Cfap43/Spag16/Spef2",9
"GO:0007368","BP","GO:0007368","determination of left/right symmetry","27/1270","135/28891",3.39640987484593e-11,3.39404028656116e-09,3.31991790214438e-09,"Odad4/Cfap52/Dnaaf11/Ift140/Cfap45/Enkur/Ccdc39/Ift74/Dvl1/Mesp1/Dnaaf1/Ift57/Mks1/Cfap53/Ift172/Odad3/Ccdc40/Ift88/Gas8/Dync2h1/Tmem67/Daw1/Dnaaf3/Dnai1/Odad2/Drc1/Pierce2",27
"GO:0036158","BP","GO:0036158","outer dynein arm assembly","12/1270","23/28891",4.2658790367376e-11,4.16601868655942e-09,4.07503707983091e-09,"Odad4/Zmynd10/Dnaaf11/Dnaaf6rt/Dnaaf1/Dnah8/Dnah17/Odad3/Daw1/Dnai1/Odad2/Lrrc61",12
"GO:0035036","BP","GO:0035036","sperm-egg recognition","18/1270","60/28891",5.33310743970343e-11,5.09252503742347e-09,4.98130947525983e-09,"Spa17/Clgn/Atp8b3/Zpbp2/Pcsk4/Zpbp/Glipr1l1/Adam2/Arsa/Acr/Adam18/Adam3/Adam5/Adam32/Tmprss12/Spesp1/Adam1b/Tcp1",18
"GO:0009799","BP","GO:0009799","specification of symmetry","27/1270","144/28891",1.59831128877776e-10,1.46126459742086e-08,1.42935206631346e-08,"Odad4/Cfap52/Dnaaf11/Ift140/Cfap45/Enkur/Ccdc39/Ift74/Dvl1/Mesp1/Dnaaf1/Ift57/Mks1/Cfap53/Ift172/Odad3/Ccdc40/Ift88/Gas8/Dync2h1/Tmem67/Daw1/Dnaaf3/Dnai1/Odad2/Drc1/Pierce2",27
"GO:0009855","BP","GO:0009855","determination of bilateral symmetry","27/1270","144/28891",1.59831128877776e-10,1.46126459742086e-08,1.42935206631346e-08,"Odad4/Cfap52/Dnaaf11/Ift140/Cfap45/Enkur/Ccdc39/Ift74/Dvl1/Mesp1/Dnaaf1/Ift57/Mks1/Cfap53/Ift172/Odad3/Ccdc40/Ift88/Gas8/Dync2h1/Tmem67/Daw1/Dnaaf3/Dnai1/Odad2/Drc1/Pierce2",27
"GO:0035721","BP","GO:0035721","intraciliary retrograde transport","10/1270","16/28891",1.63612648443586e-10,1.46467406325435e-08,1.43268707288429e-08,"Ift43/Dynlt2b/Ift140/Ift122/Ttc21a/Ttc21b/Wdr19/Dync2i1/Dync2h1/Wdr35",10
"GO:0031503","BP","GO:0031503","protein-containing complex localization","36/1270","244/28891",1.99242474799898e-10,1.74723451880645e-08,1.70907669575938e-08,"Ift46/Ift43/Ift22/Dynlt2b/Ift27/Wdpcp/Mak/Cep72/Ift140/Arl3/Kif3b/Ift80/Spag17/Ift74/Nsg1/Ift81/Ift122/Ttc21a/Ift57/Ttc21b/Ccdc38/Wdr19/Ift172/Cep131/Ift88/Dync2i1/Dzip1/Tmem232/Lca5l/Mapk10/Dync2h1/Ift56/Wdr35/Ift70a1/Ift70a2/Rasl2-9",36
"GO:0031023","BP","GO:0031023","microtubule organizing center organization","27/1270","150/28891",4.17358996307748e-10,3.58678321426879e-08,3.50845152054071e-08,"Chmp2b/Fbxw5/Trim37/Cep72/Poc1a/Nek2/Odf2/Aurka/D7Ertd443e/Cep63/Ccp110/Wdr62/Cntln/Pde4dip/Cep44/Cdk5rap2/Cep131/Deup1/Ulk4/Haus1/Dzip1/Hepacam2/Cetn4/Ccdc42/Tmem67/Cetn1/Cep295nl",27
"GO:0000280","BP","GO:0000280","nuclear division","51/1270","450/28891",7.23987294596037e-10,6.09994785270426e-08,5.96673120190294e-08,"Spag5/Chmp2b/Dmrtc2/Chfr/Fbxw5/Psmc3ip/Usp44/Meikin/Mlh3/Ddx4/Pibf1/Tesmin/Syce1/Mybl1/Nek2/Nuf2/Kif3b/Aurka/Eif4g3/Brdt/Tdrd12/Ccnb2/Nme6/Cep63/Syce1l/Piwil2/Smc4/Psma8/Siah1a/Pcid2/Prc1/Cdk5rap2/Slx4/Mael/Ago4/Shcbp1l/Fbxo43/Morc2b/Haspin/Catsperz/Map10/Kctd19/Spdya/Tdrd9/Hspa2/Rpl10l/Arhgap33os/Mapk15/Ccnb1ip1/Cntd1/Rad54b",51
"GO:0007098","BP","GO:0007098","centrosome cycle","25/1270","135/28891",9.91947515540547e-10,8.19692014284179e-08,8.0179077521324e-08,"Chmp2b/Fbxw5/Trim37/Cep72/Poc1a/Nek2/Odf2/Aurka/D7Ertd443e/Cep63/Ccp110/Wdr62/Cntln/Pde4dip/Cep44/Cdk5rap2/Cep131/Deup1/Haus1/Hepacam2/Cetn4/Ccdc42/Tmem67/Cetn1/Cep295nl",25
"GO:0141007","BP","GO:0141007","siRNA-mediated retrotransposon silencing by heterochromatin formation","8/1270","11/28891",2.00011063406299e-09,1.62159913105069e-07,1.58618505696396e-07,"Ddx4/Tdrd1/Mybl1/Tdrd12/Piwil2/Mael/Tdrd9/Tdrd5",8
"GO:0001675","BP","GO:0001675","acrosome assembly","12/1270","30/28891",2.04939303896286e-09,1.63078553489322e-07,1.59517083909916e-07,"Zpbp2/Zpbp/Pfn4/Rfx2/Ccdc136/Tmf1/Sox30/Ccdc42/Spink2/Tbpl1/Acrbp/Actl9",12
"GO:0003352","BP","GO:0003352","regulation of cilium movement","14/1270","43/28891",2.21921879468751e-09,1.7338151201404e-07,1.69595036309803e-07,"Ccdc65/Spag6l/Cfap298/Cfap45/Ccdc39/Cfap206/Dnaaf1/Kif9/Ttll6/Ccdc40/Cfap69/Cfap43/Odad2/Drc1",14
"GO:0141005","BP","GO:0141005","retrotransposon silencing by heterochromatin formation","9/1270","15/28891",2.34758867976102e-09,1.80135509945234e-07,1.76201533802364e-07,"Ddx4/Tdrd1/Mybl1/Piwil1/Tdrd12/Piwil2/Mael/Tdrd9/Tdrd5",9
"GO:0060632","BP","GO:0060632","regulation of microtubule-based movement","16/1270","60/28891",4.25532299086525e-09,3.20791629679789e-07,3.1378586708264e-07,"Ccdc65/Dynlt2b/Spag6l/Cfap298/Cfap45/Ccdc39/Cfap206/Dnaaf1/Kif9/Ttc21b/Ttll6/Ccdc40/Cfap69/Cfap43/Odad2/Drc1",16
"GO:1902017","BP","GO:1902017","regulation of cilium assembly","18/1270","77/28891",4.63706229320498e-09,3.43542356446583e-07,3.36039741139156e-07,"Ift46/Tchp/Zmynd10/Dynlt2b/Wdpcp/Mak/Ift140/Rp1/Odf2/Mns1/Ccp110/Dcdc2a/Odad3/Ift88/Dzip1/Tmem67/Mapk15/Ttbk2",18
"GO:0009988","BP","GO:0009988","cell-cell recognition","18/1270","80/28891",8.88934792031459e-09,6.47415729043929e-07,6.33276828649708e-07,"Spa17/Clgn/Atp8b3/Zpbp2/Pcsk4/Zpbp/Glipr1l1/Adam2/Arsa/Acr/Adam18/Adam3/Adam5/Adam32/Tmprss12/Spesp1/Adam1b/Tcp1",18
"GO:0003356","BP","GO:0003356","regulation of cilium beat frequency","9/1270","17/28891",1.05262426090474e-08,7.53854408184614e-07,7.37390995402218e-07,"Spag6l/Cfap45/Ccdc39/Cfap206/Dnaaf1/Ttll6/Ccdc40/Cfap43/Odad2",9
"GO:0051298","BP","GO:0051298","centrosome duplication","17/1270","75/28891",2.03557745641442e-08,1.4339141524939e-06,1.40259892725846e-06,"Chmp2b/Fbxw5/Trim37/Cep72/Poc1a/D7Ertd443e/Cep63/Ccp110/Wdr62/Cep44/Cdk5rap2/Cep131/Deup1/Cetn4/Tmem67/Cetn1/Cep295nl",17
"GO:0032886","BP","GO:0032886","regulation of microtubule-based process","34/1270","265/28891",2.39398394290644e-08,1.65918532301112e-06,1.62295040475813e-06,"Spag5/Ccdc65/Chmp2b/Dynlt2b/Fbxw5/Trim37/Spag6l/Cfap298/Poc1a/Rp1/Cfap45/Ccdc39/Cfap206/D7Ertd443e/Dnaaf1/Kif9/Ttc21b/Wdr62/Pde4dip/Ttll6/Cdk5rap2/Cep131/Ccdc40/Cfap69/Bmerb1/Cfap43/Tmem67/Map10/Memo1/Odad2/Mapk15/Drc1/Cep295nl/Ttbk2",34
"GO:0007389","BP","GO:0007389","pattern specification process","50/1270","498/28891",5.7036653096933e-08,3.89026187869081e-06,3.80530251990064e-06,"Hoxa4/Odad4/Cimap3/Rfx4/Cfap52/Ttc8/Cdk20/Dnaaf11/Senp2/Stk31/Ift140/Tdrd1/Cfap45/Enkur/Aurka/Ccdc39/Lef1/Ift74/Dvl1/Shroom3/Ift122/Mesp1/Dnaaf1/Mns1/Ift57/Mks1/Ttc21b/Cfap53/Tdrd7/Alx1/Wdr19/Satb2/Ift172/Odad3/Ccdc40/Ift88/Tdrd6/Gas8/Pld6/Dync2h1/Tmem67/Daw1/Dnaaf3/Rfx8/Tdrd5/Dnai1/Odad2/Celsr2/Drc1/Pierce2",50
"GO:0003002","BP","GO:0003002","regionalization","47/1270","455/28891",6.05926317466589e-08,4.06822716586552e-06,3.9793812263883e-06,"Hoxa4/Odad4/Cimap3/Rfx4/Cfap52/Cdk20/Dnaaf11/Senp2/Stk31/Ift140/Tdrd1/Cfap45/Enkur/Aurka/Ccdc39/Lef1/Ift74/Dvl1/Ift122/Mesp1/Dnaaf1/Mns1/Ift57/Mks1/Ttc21b/Cfap53/Tdrd7/Alx1/Wdr19/Ift172/Odad3/Ccdc40/Ift88/Tdrd6/Gas8/Pld6/Dync2h1/Tmem67/Daw1/Dnaaf3/Rfx8/Tdrd5/Dnai1/Odad2/Celsr2/Drc1/Pierce2",47
"GO:0060287","BP","GO:0060287","epithelial cilium movement involved in determination of left/right asymmetry","7/1270","11/28891",8.81487170621286e-08,5.82730826486102e-06,5.70004578508631e-06,"Odad4/Dnaaf11/Cfap45/Ccdc39/Cfap53/Odad3/Ccdc40",7
"GO:0007099","BP","GO:0007099","centriole replication","12/1270","42/28891",1.60558898391567e-07,1.04533573695237e-05,1.02250666870419e-05,"Trim37/Cep72/D7Ertd443e/Cep63/Ccp110/Wdr62/Cep44/Cdk5rap2/Deup1/Cetn4/Cetn1/Cep295nl",12
"GO:0008589","BP","GO:0008589","regulation of smoothened signaling pathway","18/1270","100/28891",3.33786120804566e-07,2.10923376631944e-05,2.06317024825485e-05,"Uchl5/Rfx4/Tubd1/Cdk20/Ift140/Ift81/Ift122/Ttc23/Stk36/Mks1/Ttc21b/Dcdc2a/Ift172/Gas8/Dync2h1/Rfx8/Armc9/Ttbk2",18
"GO:0045132","BP","GO:0045132","meiotic chromosome segregation","18/1270","100/28891",3.33786120804566e-07,2.10923376631944e-05,2.06317024825485e-05,"Chfr/Psmc3ip/Meikin/Mlh3/Syce1/Nuf2/Aurka/Ccnb2/Cep63/Syce1l/Smc4/Mael/Ago4/Morc2b/Haspin/Spdya/Mapk15/Ccnb1ip1",18
"GO:0098534","BP","GO:0098534","centriole assembly","12/1270","46/28891",4.80035250212608e-07,2.98943691328055e-05,2.92415065461319e-05,"Trim37/Cep72/D7Ertd443e/Cep63/Ccp110/Wdr62/Cep44/Cdk5rap2/Deup1/Cetn4/Cetn1/Cep295nl",12
"GO:0070918","BP","GO:0070918","regulatory ncRNA processing","16/1270","83/28891",5.67302716413757e-07,3.48242824632845e-05,3.40637555885734e-05,"Ddx4/Stk31/Tdrd1/Larp7/Ncbp1/Piwil1/Tdrd12/Piwil2/Tdrd7/Tdrd6/Mael/Ago4/Pld6/Henmt1/Tdrd9/Tdrd5",16
"GO:1902115","BP","GO:1902115","regulation of organelle assembly","28/1270","229/28891",1.07555218419828e-06,6.50936300774652e-05,6.36720514678095e-05,"Ift46/Spag5/Tchp/Chmp2b/Zmynd10/Dynlt2b/Trim37/Styxl1/Wdpcp/Mak/Ift140/Rp1/Odf2/D7Ertd443e/Mns1/Kif9/Ccp110/Dcdc2a/Sh3glb1/Cdk5rap2/Odad3/Ift88/Elapor1/Dzip1/Tmem67/Mapk15/Cep295nl/Ttbk2",28
"GO:0033363","BP","GO:0033363","secretory granule organization","14/1270","68/28891",1.24769999052449e-06,7.44634286011631e-05,7.2837223131057e-05,"Ap1m1/Zpbp2/Zpbp/Pfn4/Rfx2/Ccdc136/Tmf1/Sox30/Hps4/Ccdc42/Spink2/Tbpl1/Acrbp/Actl9",14
"GO:0018200","BP","GO:0018200","peptidyl-glutamic acid modification","9/1270","27/28891",1.36192676965141e-06,8.01671140985219e-05,7.84163459440241e-05,"Ttll5/Agtpbp1/Ttll1/Agbl5/Ttll6/Agbl3/Agbl2/Ttll13/Agbl4",9
"GO:0010526","BP","GO:0010526","retrotransposon silencing","9/1270","30/28891",3.68986121737494e-06,0.000214261265554866,0.000209582017652605,"Ddx4/Tdrd1/Mybl1/Piwil1/Tdrd12/Piwil2/Mael/Tdrd9/Tdrd5",9
"GO:0021591","BP","GO:0021591","ventricular system development","10/1270","38/28891",3.98479429946572e-06,0.000228302148064056,0.000223316261582689,"Uchl5/Spag6l/Ak8/Ttc21b/Nme5/Ulk4/Hydin/Kif27/Odad2/Celsr2",10
"GO:0048240","BP","GO:0048240","sperm capacitation","10/1270","39/28891",5.1483548356646e-06,0.000291085272748037,0.000284728266742504,"Pcsk4/Ropn1l/Catsper2/Catsperd/Catsperb/Catsperz/Tcp11/C2cd6/Catspere2/Catspere1",10
"GO:0007289","BP","GO:0007289","spermatid nucleus differentiation","9/1270","32/28891",6.68135358499676e-06,0.000368074055829886,0.000360035693183429,"Dmrtc2/Brdt/Piwil1/Tmf1/Cfap61/Ift88/Psme4/Kdm3a/Tbpl1",9
"GO:0032197","BP","GO:0032197","retrotransposition","9/1270","32/28891",6.68135358499676e-06,0.000368074055829886,0.000360035693183429,"Ddx4/Tdrd1/Mybl1/Piwil1/Tdrd12/Piwil2/Mael/Tdrd9/Tdrd5",9
"GO:0008037","BP","GO:0008037","cell recognition","21/1270","160/28891",7.66053874525528e-06,0.000416675126434961,0.0004075753658868,"Spa17/Clgn/Atp8b3/Zpbp2/Pcsk4/Zpbp/Glipr1l1/Adam2/Arsa/Acr/Adam18/Adam3/Adam5/Crtam/Adam32/Cntnap2/Tmprss12/Spesp1/Fcgr3/Adam1b/Tcp1",21
"GO:0032196","BP","GO:0032196","transposition","9/1270","33/28891",8.82928526670253e-06,0.00047424298488776,0.000463886000920305,"Ddx4/Tdrd1/Mybl1/Piwil1/Tdrd12/Piwil2/Mael/Tdrd9/Tdrd5",9
"GO:0046530","BP","GO:0046530","photoreceptor cell differentiation","14/1270","86/28891",2.19888590355788e-05,0.00116649539846768,0.00114102032656356,"Ahi1/Ttc8/Agtpbp1/Ift140/Arl3/Rp1/Nphp1/Prom1/Pcare/Tmem67/Ift56/Rpgrip1/Cfap418/Miat",14
"GO:0098813","BP","GO:0098813","nuclear chromosome segregation","31/1270","312/28891",2.22849607241894e-05,0.00116778629551027,0.00114228303172899,"Spag5/Chmp2b/Chfr/Psmc3ip/Usp44/Meikin/Mlh3/Pibf1/Syce1/Nek2/Nuf2/Kif3b/Aurka/Ccnb2/Cep63/Arid2/Syce1l/Smc4/Pcid2/Prc1/Cdk5rap2/Mael/Ago4/Morc2b/Haspin/Map10/Spdya/Arhgap33os/Mapk15/Ube2u/Ccnb1ip1",31
"GO:0035845","BP","GO:0035845","photoreceptor cell outer segment organization","6/1270","15/28891",2.53394474768554e-05,0.0013099822211815,0.00128137354315195,"Ahi1/Ift140/Rp1/Nphp1/Pcare/Tmem67",6
"GO:0007141","BP","GO:0007141","male meiosis I","8/1270","29/28891",2.560821656487e-05,0.0013099822211815,0.00128137354315195,"Dmrtc2/Ddx4/Mybl1/Brdt/Siah1a/Tdrd9/Hspa2/Rpl10l",8
"GO:0045724","BP","GO:0045724","positive regulation of cilium assembly","8/1270","32/28891",5.57995472477135e-05,0.00282083122968735,0.00275922714749375,"Zmynd10/Rp1/Mns1/Ccp110/Ift88/Dzip1/Tmem67/Ttbk2",8
"GO:0045143","BP","GO:0045143","homologous chromosome segregation","12/1270","71/28891",5.73008052801174e-05,0.0028630413987054,0.00280051548939423,"Psmc3ip/Meikin/Mlh3/Syce1/Cep63/Syce1l/Mael/Ago4/Morc2b/Haspin/Spdya/Ccnb1ip1",12
"GO:0007028","BP","GO:0007028","cytoplasm organization","6/1270","17/28891",5.80800451802118e-05,0.0028686201625215,0.00280597241868827,"Stk31/Tdrd1/Tdrd7/Tdrd6/Pld6/Tdrd5",6
"GO:1903564","BP","GO:1903564","regulation of protein localization to cilium","5/1270","11/28891",6.02508626817474e-05,0.00294202223799396,0.00287777146756241,"Lztfl1/Gas8/Dzip1/Ccdc66/Efcab7",5
"GO:0070192","BP","GO:0070192","chromosome organization involved in meiotic cell cycle","12/1270","72/28891",6.60385945851706e-05,0.0031884027071065,0.00311877123806725,"Psmc3ip/Mlh3/Syce1/Cep63/Syce1l/Smc4/Mael/Ago4/Morc2b/Haspin/Spdya/Ccnb1ip1",12
"GO:0007059","BP","GO:0007059","chromosome segregation","36/1270","416/28891",9.60269834565611e-05,0.00458475497680937,0.00448462859581343,"Spag5/Chmp2b/Chfr/Psmc3ip/Usp44/Meikin/Mlh3/Pibf1/Syce1/Nek2/Nuf2/Kif3b/Aurka/Itgb3bp/Cenpu/Cenpn/Ccnb2/Cep63/Arid2/Syce1l/Smc4/Pcid2/Prc1/D1Pas1/Cdk5rap2/Mael/Haus1/Ago4/Morc2b/Haspin/Map10/Spdya/Arhgap33os/Mapk15/Ube2u/Ccnb1ip1",36
"GO:1903441","BP","GO:1903441","protein localization to ciliary membrane","5/1270","12/28891",9.95421076303835e-05,0.00470035644492042,0.00459770544555375,"Arl3/Lztfl1/Ift80/Wdr19/Efcab7",5
"GO:0007351","BP","GO:0007351","tripartite regional subdivision","6/1270","19/28891",0.00011804268900257,0.00545407994240905,0.00533496838921631,"Stk31/Tdrd1/Tdrd7/Tdrd6/Pld6/Tdrd5",6
"GO:0008595","BP","GO:0008595","anterior/posterior axis specification, embryo","6/1270","19/28891",0.00011804268900257,0.00545407994240905,0.00533496838921631,"Stk31/Tdrd1/Tdrd7/Tdrd6/Pld6/Tdrd5",6
"GO:0045880","BP","GO:0045880","positive regulation of smoothened signaling pathway","9/1270","45/28891",0.000126169830877027,0.00576757194977219,0.00564161405030201,"Uchl5/Tubd1/Ttc23/Stk36/Dcdc2a/Ift172/Gas8/Dync2h1/Armc9",9
"GO:0042461","BP","GO:0042461","photoreceptor cell development","11/1270","66/28891",0.000131866170903763,0.00596451511972075,0.00583425618192496,"Ahi1/Ift140/Arl3/Rp1/Nphp1/Pcare/Tmem67/Ift56/Rpgrip1/Cfap418/Miat",11
"GO:0007051","BP","GO:0007051","spindle organization","21/1270","194/28891",0.000136787410590372,0.00612266149277944,0.00598894879920344,"Spag5/Chmp2b/Cep72/Pibf1/Poc1a/Spata17/Nek2/Nuf2/Kif3b/Aurka/Ccnb2/Wdr62/Pde4dip/Prc1/Cep126/Efhc1/Haus1/Map10/Mapk15/Aurkc/Kiz",21
"GO:0046605","BP","GO:0046605","regulation of centrosome cycle","10/1270","56/28891",0.000146257050434628,0.00647903655378964,0.0063375409917034,"Chmp2b/Fbxw5/Trim37/Poc1a/D7Ertd443e/Wdr62/Cdk5rap2/Cep131/Tmem67/Cep295nl",10
"GO:0120032","BP","GO:0120032","regulation of plasma membrane bounded cell projection assembly","22/1270","212/28891",0.000177323399166658,0.00777508822672581,0.00760528821560113,"Ift46/Tchp/Zmynd10/Dynlt2b/Wdpcp/Hsp90aa1/Mak/Bin3/Ift140/Rp1/Odf2/Mns1/Ccp110/Dcdc2a/Cdc42ep3/Odad3/Ift88/Eps8l3/Dzip1/Tmem67/Mapk15/Ttbk2",22
"GO:0010824","BP","GO:0010824","regulation of centrosome duplication","9/1270","47/28891",0.000179293899740061,0.00778207966851556,0.00761212697142012,"Chmp2b/Fbxw5/Trim37/Poc1a/D7Ertd443e/Cdk5rap2/Cep131/Tmem67/Cep295nl",9
"GO:0060491","BP","GO:0060491","regulation of cell projection assembly","22/1270","215/28891",0.00021677360812523,0.00931476194114113,0.0091113370236215,"Ift46/Tchp/Zmynd10/Dynlt2b/Wdpcp/Hsp90aa1/Mak/Bin3/Ift140/Rp1/Odf2/Mns1/Ccp110/Dcdc2a/Cdc42ep3/Odad3/Ift88/Eps8l3/Dzip1/Tmem67/Mapk15/Ttbk2",22
"GO:0006000","BP","GO:0006000","fructose metabolic process","5/1270","14/28891",0.000233733521698636,0.00994408854197068,0.00972691977220066,"Glyctk/Pfkfb4/Sord/Tkfc/Fbp1",5
"GO:0003016","BP","GO:0003016","respiratory system process","9/1270","50/28891",0.000292913333409084,0.0123396920946945,0.0120702057822753,"Odad4/Cfap54/Ttll1/Spag6l/Cfap221/Nek10/Cfap43/Spag16/Spef2",9
"GO:0007585","BP","GO:0007585","respiratory gaseous exchange by respiratory system","11/1270","75/28891",0.000419503148663843,0.017501019706879,0.0171188152541106,"Odad4/Nmbr/Cfap54/Ttll1/Spag6l/Pask/Cfap221/Nek10/Cfap43/Spag16/Spef2",11
"GO:1902117","BP","GO:1902117","positive regulation of organelle assembly","12/1270","88/28891",0.000463386241542787,0.0191458719222053,0.0187277455716634,"Spag5/Zmynd10/Rp1/Mns1/Ccp110/Sh3glb1/Ift88/Elapor1/Dzip1/Tmem67/Mapk15/Ttbk2",12
"GO:0006403","BP","GO:0006403","RNA localization","18/1270","173/28891",0.000641732645284558,0.0262621445408357,0.0256886060413157,"Pom121l2/Znhit3/Tomm20l/Fyttd1/Senp2/Ncbp1/Ybx1/Igf2bp3/Ddx25/Ddx19b/Thoc5/Nxt1/Pcid2/Ranbp17/Nupl2/Thoc7/Tcp1/4931428L18Rik",18
"GO:0050657","BP","GO:0050657","nucleic acid transport","16/1270","145/28891",0.000664071907821821,0.0266683830645829,0.026085972729292,"Pom121l2/Tomm20l/Fyttd1/Senp2/Ncbp1/Ybx1/Igf2bp3/Ddx25/Ddx19b/Thoc5/Nxt1/Pcid2/Ranbp17/Nupl2/Thoc7/4931428L18Rik",16
"GO:0050658","BP","GO:0050658","RNA transport","16/1270","145/28891",0.000664071907821821,0.0266683830645829,0.026085972729292,"Pom121l2/Tomm20l/Fyttd1/Senp2/Ncbp1/Ybx1/Igf2bp3/Ddx25/Ddx19b/Thoc5/Nxt1/Pcid2/Ranbp17/Nupl2/Thoc7/4931428L18Rik",16
"GO:0051236","BP","GO:0051236","establishment of RNA localization","16/1270","148/28891",0.000830248364411378,0.0330331224247749,0.0323117126617411,"Pom121l2/Tomm20l/Fyttd1/Senp2/Ncbp1/Ybx1/Igf2bp3/Ddx25/Ddx19b/Thoc5/Nxt1/Pcid2/Ranbp17/Nupl2/Thoc7/4931428L18Rik",16
"GO:0010839","BP","GO:0010839","negative regulation of keratinocyte proliferation","6/1270","27/28891",0.000952563958732166,0.0375400360648365,0.0367201998963517,"Ift80/Ift74/Ift122/Ift57/Ift172/Ift88",6
"GO:0140694","BP","GO:0140694","non-membrane-bounded organelle assembly","32/1270","402/28891",0.000960996966984411,0.0375400360648365,0.0367201998963517,"Spag5/Chmp2b/Trim37/Styxl1/Cep72/Pibf1/Nek2/Kif3b/Aurka/Cds1/D7Ertd443e/Ccnb2/Kif9/Cep63/Atxn2l/Ccp110/Wdr62/Cep44/Prc1/D1Pas1/Cdk5rap2/Deup1/Haus1/Cetn4/Map10/Cetn1/Liat1/Rpl10l/Mapk15/Bscl2/Cep295nl/Bin2",32
"GO:0019320","BP","GO:0019320","hexose catabolic process","7/1270","38/28891",0.00118970436063351,0.0460554922310109,0.0450496871693658,"Glyctk/Pgam2/Tpi1/Adcy10/Mpi/Tkfc/Ldha",7
"GO:0031514","CC","GO:0031514","motile cilium","130/1267","313/28573",8.60048990585518e-92,4.53245818038568e-89,3.90190647307746e-89,"Calm1/Spa17/Ift46/Ccdc65/Gstm5/Dnah2/Odad4/Rsph14/Cfap161/Ift27/Dnah1/Cabcoco1/Glipr1l1/Cfap36/Tekt1/Cfap52/Hsp90aa1/Mak/Dnah12/Ppp3cc/Mroh2b/Ropn1l/Dnaaf11/Ttll1/Septin12/Spag6l/Cep89/Rsph3b/Tcte1/Rsph9/Rsph1/Tekt4/Slco6c1/Cfap45/Adcy10/Ccdc181/Enkur/Odf2/Ak8/Morn5/Sord/Nphp1/Ccdc39/Spag17/Ppp3r2/Ift74/Tekt2/Spata18/Cfap251/Ift81/Iqcd/Dnajb13/Ldhc/Dnhd1/Pgk2/Drc7/Mns1/Kif9/Odf4/Slc9c1/Catsper2/Dnah8/Dnah17/Spata6/Dnai4/Cfap53/Iqcg/Nme5/Ccdc38/Slc26a8/Cfap221/Ttc29/Cfap61/Pacrg/Wdr19/Ift172/Tekt5/Ptchd3/Cfap70/Ccdc40/Ift88/Gas8/Cfap69/Catsperd/Rsph6a/Nme8/Dnah7b/Ak7/Tekt3/Dnali1/Cep164/Cfap43/Tmem232/Iqub/Cfap58/Catsperb/Cfap65/Dync2h1/Dnah14/Flacc1/Eno4/Spata33/Catsperg2/Catsperg1/Slc9b1/Gk2/Catsperz/Adgb/Dnah6/Spag16/Drc3/Cfap119/Tsga10/Dnai1/Cep128/Tcp11/Ldha/Qrich2/Cfap44/C2cd6/Spef2/Drc1/Rsph3a/Fsip2/Cep295nl/Cfap74/Catspere2/Dnah7a/Dnah7c/Catspere1",130
"GO:0097014","CC","GO:0097014","ciliary plasm","89/1267","176/28573",2.67373283259414e-72,7.04528601388555e-70,6.0651518465688e-70,"Ccdc65/Dnah2/Odad4/Cfap161/Dynlt2b/Dnah1/Wdpcp/Cfap36/Tekt1/Cfap52/Mak/Dnah12/Nek4/Ribc2/Spag6l/Rsph3b/Efhb/Rsph9/Rsph1/Ift140/Tekt4/Arl3/Rp1/Cfap45/Cfap126/Enkur/Ak8/Dync1i2/Ccdc39/Spag17/Cfap206/Tekt2/Cimip2c/Wdr54/Dnajb13/Dnhd1/Spata4/Dnaaf1/Mns1/Ift57/Cfap95/Dnah8/Dnah17/Dnai4/Cfap53/Dcdc2a/Ccdc113/Cfap61/Pacrg/Bbs7/Cfap68/Ift172/Cfap70/Odad3/Ccdc40/Ift88/Gas8/Cfap69/Rsph6a/Nme8/Dnah7b/Efhc1/Tekt3/Dnali1/Dnai3/Dnai7/Cfap43/Lca5l/Dync2h1/Tmem67/Ccdc96/Dnah6/Spag16/Drc3/Rpgrip1/Hydin/Dnai1/Odad2/Lrrc43/Spag8/Wdr35/Cfap210/Drc1/Spef1l/Ift70a1/Ift70a2/Pierce2/Dnah7a/Dnah7c",89
"GO:0005930","CC","GO:0005930","axoneme","88/1267","175/28573",3.2583527641444e-71,5.72383968901367e-69,4.92754400472364e-69,"Ccdc65/Dnah2/Odad4/Cfap161/Dynlt2b/Dnah1/Wdpcp/Cfap36/Tekt1/Cfap52/Mak/Dnah12/Ribc2/Spag6l/Rsph3b/Efhb/Rsph9/Rsph1/Ift140/Tekt4/Arl3/Rp1/Cfap45/Cfap126/Enkur/Ak8/Dync1i2/Ccdc39/Spag17/Cfap206/Tekt2/Cimip2c/Wdr54/Dnajb13/Dnhd1/Spata4/Dnaaf1/Mns1/Ift57/Cfap95/Dnah8/Dnah17/Dnai4/Cfap53/Dcdc2a/Ccdc113/Cfap61/Pacrg/Bbs7/Cfap68/Ift172/Cfap70/Odad3/Ccdc40/Ift88/Gas8/Cfap69/Rsph6a/Nme8/Dnah7b/Efhc1/Tekt3/Dnali1/Dnai3/Dnai7/Cfap43/Lca5l/Dync2h1/Tmem67/Ccdc96/Dnah6/Spag16/Drc3/Rpgrip1/Hydin/Dnai1/Odad2/Lrrc43/Spag8/Wdr35/Cfap210/Drc1/Spef1l/Ift70a1/Ift70a2/Pierce2/Dnah7a/Dnah7c",88
"GO:0097729","CC","GO:0097729","9+2 motile cilium","98/1267","233/28573",8.56367278971478e-70,1.12826389004492e-67,9.71300782201861e-68,"Calm1/Spa17/Gstm5/Dnah2/Odad4/Ift27/Dnah1/Cabcoco1/Glipr1l1/Cfap52/Hsp90aa1/Dnah12/Ppp3cc/Mroh2b/Septin12/Spag6l/Rsph3b/Tcte1/Rsph9/Rsph1/Tekt4/Cfap45/Ccdc181/Enkur/Odf2/Ak8/Morn5/Ccdc39/Ppp3r2/Spata18/Cfap251/Ift81/Dnajb13/Dnhd1/Pgk2/Mns1/Kif9/Odf4/Catsper2/Dnah8/Dnah17/Spata6/Cfap53/Iqcg/Nme5/Ccdc38/Slc26a8/Cfap221/Ttc29/Cfap61/Pacrg/Ift172/Tekt5/Ptchd3/Cfap70/Ift88/Gas8/Cfap69/Catsperd/Rsph6a/Nme8/Dnah7b/Tekt3/Dnali1/Cep164/Cfap43/Tmem232/Cfap58/Catsperb/Cfap65/Dync2h1/Dnah14/Eno4/Spata33/Catsperg2/Catsperg1/Slc9b1/Gk2/Catsperz/Adgb/Dnah6/Spag16/Drc3/Cfap119/Tsga10/Dnai1/Cep128/Tcp11/Ldha/Qrich2/C2cd6/Spef2/Fsip2/Cfap74/Catspere2/Dnah7a/Dnah7c/Catspere1",98
"GO:0032838","CC","GO:0032838","plasma membrane bounded cell projection cytoplasm","91/1267","226/28573",8.48106183060039e-63,8.93903916945282e-61,7.69544768208162e-61,"Hip1r/Ccdc65/Dnah2/Odad4/Cfap161/Dynlt2b/Dnah1/Wdpcp/Cfap36/Tekt1/Cfap52/Mak/Dnah12/Nek4/Ribc2/Spag6l/Rsph3b/Efhb/Rsph9/Rsph1/Ift140/Tekt4/Arl3/Rp1/Cfap45/Cfap126/Enkur/Ak8/Dync1i2/Ccdc39/Spag17/Cfap206/Tekt2/Cimip2c/Wdr54/Dnajb13/Dnhd1/Spata4/Dnaaf1/Mns1/Ift57/Cfap95/Dnah8/Dnah17/Dnai4/Cfap53/Dcdc2a/Ccdc113/Cfap61/Pacrg/Bbs7/Cfap68/Ift172/Cfap70/Odad3/Ccdc40/Ift88/Gas8/Cfap69/Rsph6a/Nme8/Dnah7b/Efhc1/Tekt3/Dnali1/Dnai3/Dnai7/Cfap43/Lca5l/Dync2h1/Tmem67/Ccdc96/Dnah6/Spag16/Grik2/Drc3/Rpgrip1/Hydin/Dnai1/Odad2/Lrrc43/Spag8/Wdr35/Cfap210/Drc1/Spef1l/Ift70a1/Ift70a2/Pierce2/Dnah7a/Dnah7c",91
"GO:0036126","CC","GO:0036126","sperm flagellum","83/1267","206/28573",2.3392460905428e-57,2.05463781619343e-55,1.76879835969114e-55,"Calm1/Spa17/Gstm5/Dnah2/Ift27/Dnah1/Cabcoco1/Glipr1l1/Hsp90aa1/Ppp3cc/Mroh2b/Septin12/Spag6l/Tcte1/Rsph9/Rsph1/Tekt4/Ccdc181/Enkur/Odf2/Ak8/Morn5/Ppp3r2/Spata18/Cfap251/Ift81/Dnajb13/Dnhd1/Pgk2/Mns1/Kif9/Odf4/Catsper2/Dnah8/Dnah17/Spata6/Cfap53/Iqcg/Nme5/Ccdc38/Slc26a8/Cfap221/Ttc29/Cfap61/Pacrg/Ift172/Tekt5/Ptchd3/Cfap70/Ift88/Gas8/Cfap69/Catsperd/Rsph6a/Nme8/Tekt3/Dnali1/Tmem232/Cfap58/Catsperb/Cfap65/Eno4/Spata33/Catsperg2/Catsperg1/Slc9b1/Gk2/Catsperz/Adgb/Spag16/Drc3/Cfap119/Tsga10/Cep128/Tcp11/Ldha/Qrich2/C2cd6/Spef2/Fsip2/Cfap74/Catspere2/Catspere1",83
"GO:0099568","CC","GO:0099568","cytoplasmic region","93/1267","271/28573",7.70906175629636e-57,5.80382220795454e-55,4.99639942400561e-55,"Hip1r/Tchp/Ccdc65/Dnah2/Odad4/Cfap161/Dynlt2b/Dnah1/Wdpcp/Cfap36/Tekt1/Cfap52/Mak/Dnah12/Nek4/Ribc2/Spag6l/Rsph3b/Efhb/Rsph9/Rsph1/Ift140/Tekt4/Arl3/Rp1/Cfap45/Cfap126/Enkur/Ak8/Dync1i2/Ccdc39/Spag17/Cfap206/Tekt2/Cimip2c/Wdr54/Dnajb13/Dnhd1/Spata4/Dnaaf1/Mns1/Ift57/Cfap95/Dnah8/Dnah17/Dnai4/Cfap53/Dcdc2a/Ccdc113/Cfap61/Pacrg/Bbs7/Rims2/Cfap68/Ift172/Cfap70/Odad3/Ccdc40/Ift88/Gas8/Cfap69/Rsph6a/Nme8/Dnah7b/Efhc1/Tekt3/Dnali1/Dnai3/Dnai7/Cfap43/Lca5l/Dync2h1/Tmem67/Ccdc96/Dnah6/Spag16/Grik2/Drc3/Rpgrip1/Hydin/Dnai1/Odad2/Lrrc43/Spag8/Wdr35/Cfap210/Drc1/Spef1l/Ift70a1/Ift70a2/Pierce2/Dnah7a/Dnah7c",93
"GO:0036064","CC","GO:0036064","ciliary basal body","51/1267","184/28573",1.20020623887857e-26,7.90635859861257e-25,6.80643274942978e-25,"B9d1/Spag5/Ccdc65/Ttll5/Enkd1/Ahi1/Ttc8/Nek4/Ttll1/Poc1a/Ift140/Ccdc178/Arl3/Ush2a/Cfap126/Odf2/Aurka/Ift80/Cfap206/Ift81/Iqcd/Ift122/1700012B09Rik/Ift57/Mks1/2700049A03Rik/Saxo4/Ccdc113/Bbs7/Ift172/Ttll6/Tsga10ip/Cfap70/Odad3/Cep131/Ift88/Gas8/Agbl2/Dzip1/Cetn4/Ccdc66/Ccdc96/Fank1/Ift56/Agbl4/Cep128/Armc9/Mapk15/Wdr35/Tuba3a/Ttbk2",51
"GO:0005874","CC","GO:0005874","microtubule","76/1267","467/28573",6.31944716004255e-23,3.7003873926027e-21,3.18559266196297e-21,"Calm1/Spag5/Chmp2b/Dnah2/Cfap161/Ttll5/Enkd1/Dnah1/Tubd1/Tekt1/Cfap52/Fam161b/Dnah12/Ptpn20/Ribc2/Ttll1/Spag6l/Efhb/Kif6/Tekt4/Arl3/Katnal2/Cfap45/Ccdc181/Nek2/Cfap126/Enkur/Odf2/Dync1i2/Kif3b/Aurka/Spag17/Tekt2/Dvl1/Cimip2c/Shroom3/Slc8a2/Polb/Kifc3/Mns1/Kif9/Cfap95/Dnah8/Dnah17/Dynlrb2/Cfap53/Dcdc2a/Calm2/Pacrg/Pde4dip/Ttll6/Tmem214/Prc1/Cdk5rap2/Gas8/Katnal1/Efhc1/Haus1/Tekt3/Dnai7/Ttll13/Ccdc66/Dync2h1/Map10/Kif27/Dnai1/Spag8/Tuba3a/Tcp1/Aurkc/Cfap210/Ift70a1/Ift70a2/Pierce2/Dynlt1a/Dynlt1f",76
"GO:0030990","CC","GO:0030990","intraciliary transport particle","20/1267","27/28573",4.93335395706282e-22,2.59987753537211e-20,2.23818479525692e-20,"Ift46/Ift43/Ift22/Ift27/Ift140/Ift80/Ift74/Ift81/Ift122/Ttc21a/Ift57/Ttc21b/Wdr19/Ift172/Ift88/Ubxn10/Ift56/Wdr35/Ift70a1/Ift70a2",20
"GO:0030286","CC","GO:0030286","dynein complex","27/1267","60/28573",4.78442206292561e-21,2.29217311560163e-19,1.9732879513119e-19,"Ccdc65/Dnah2/Dynlt2b/Dnah1/Dnah12/Dync1i2/Dnhd1/Dnah8/Dnah17/Dynlrb2/Dnai4/Cfap70/Nme8/Dnah7b/Dync2i1/Dnali1/Dnai3/Dnai7/Dync2h1/Dnah14/Dnah6/Dnai1/Drc1/Dynlt1a/Dynlt1f/Dnah7a/Dnah7c",27
"GO:0005858","CC","GO:0005858","axonemal dynein complex","19/1267","27/28573",2.70620094737669e-20,1.1884732493896e-18,1.0231338669468e-18,"Ccdc65/Dnah2/Dnah1/Dnah12/Dync1i2/Dnhd1/Dnah8/Dnah17/Dnai4/Cfap70/Nme8/Dnah7b/Dnai3/Dnai7/Dnah6/Dnai1/Drc1/Dnah7a/Dnah7c",19
"GO:0005879","CC","GO:0005879","axonemal microtubule","22/1267","41/28573",1.55277204952975e-19,6.294699000786e-18,5.41898585706335e-18,"Cfap161/Tekt1/Cfap52/Ribc2/Efhb/Tekt4/Cfap45/Cfap126/Enkur/Tekt2/Cimip2c/Mns1/Cfap95/Cfap53/Pacrg/Efhc1/Tekt3/Spag8/Cfap210/Ift70a1/Ift70a2/Pierce2",22
"GO:0001669","CC","GO:0001669","acrosomal vesicle","41/1267","169/28573",2.42421212088203e-19,9.12542705503451e-18,7.85590544436207e-18,"Slc2a3/Atp8b3/Tex22/Zpbp2/Pcsk4/Zpbp/Glipr1l1/Adam2/Mroh2b/Arsa/Acr/Spag6l/Stk31/Ica1l/Enkur/Fabp9/Spag17/Spata1/Atp8b5/Ccdc136/Dkkl1/Pomt1/Cep131/Ift88/Tmem225/Tekt3/Tmprss12/Iqub/Spesp1/Cfap65/Spink2/Lrguk/Cfap119/Capn11/Ccdc62/Tcp11/Spag8/Tcp1/Acrbp/Dnajb3/Actl9",41
"GO:0005814","CC","GO:0005814","centriole","36/1267","137/28573",2.24729105290585e-18,7.89548256587589e-17,6.79706978106963e-17,"Ift43/Enkd1/Ahi1/Cep89/Poc1a/Ift140/Odf2/Ift81/D7Ertd443e/Cep63/Ccp110/Mks1/2700049A03Rik/Ccdc92/Cntln/Cep44/Odad3/Deup1/Ift88/Cchcr1/Agbl2/Dzip1/Cep164/Cetn4/Hyls1/Cetn1/Tcp10c/Tcp10b/Agbl4/Cep128/Armc9/Mapk15/Ccdc146/Tcp10a/Cep295nl/Ttbk2",36
"GO:0005875","CC","GO:0005875","microtubule associated complex","37/1267","148/28573",4.65187600551602e-18,1.53221165931684e-16,1.31905168314303e-16,"Ccdc65/Dnah2/Dynlt2b/Dnah1/Dnah12/Kif6/Rp1/Dync1i2/Kif3b/Aurka/Dnhd1/Kifc3/Kif9/Dnah8/Dnah17/Dynlrb2/Dnai4/Cfap70/Nme8/Dnah7b/Katnal1/Haus1/Dync2i1/Dnali1/Dnai3/Dnai7/Dync2h1/Dnah14/Dnah6/Kif27/Dnai1/Aurkc/Drc1/Dynlt1a/Dynlt1f/Dnah7a/Dnah7c",37
"GO:0097228","CC","GO:0097228","sperm principal piece","21/1267","42/28573",7.1982584228598e-18,2.23146011108654e-16,1.92102128808209e-16,"Spa17/Ift27/Spag6l/Tekt4/Enkur/Ift81/Ift172/Catsperd/Nme8/Catsperb/Eno4/Catsperg2/Catsperg1/Slc9b1/Catsperz/Cfap119/Tsga10/C2cd6/Fsip2/Catspere2/Catspere1",21
"GO:0005881","CC","GO:0005881","cytoplasmic microtubule","31/1267","114/28573",1.77052073004627e-16,5.18369124852435e-15,4.46254055350843e-15,"Cfap161/Enkd1/Tekt1/Cfap52/Fam161b/Ribc2/Efhb/Tekt4/Arl3/Cfap45/Cfap126/Enkur/Tekt2/Cimip2c/Mns1/Cfap95/Cfap53/Pacrg/Pde4dip/Tmem214/Efhc1/Tekt3/Dnai7/Map10/Spag8/Cfap210/Ift70a1/Ift70a2/Pierce2/Dynlt1a/Dynlt1f",31
"GO:0097546","CC","GO:0097546","ciliary base","20/1267","47/28573",2.32111466389443e-15,6.43803909406507e-14,5.54238459910526e-14,"Ift46/Enkd1/Dynlt2b/Cfap36/Nphp1/Ift122/1700012B09Rik/Ift57/Ift88/Cep126/Dync2i1/Dzip1/Dnali1/Ccdc42/Fank1/Mok/Ift56/Cfap418/Odad2/Ttbk2",20
"GO:0002177","CC","GO:0002177","manchette","14/1267","21/28573",9.20510953061675e-15,2.42554636131751e-13,2.08810642510306e-13,"Spag6l/Lztfl1/Ppp1r42/Ccdc181/Meig1/Spag17/Iqcg/Ccdc38/Cfap221/Pacrg/Ift88/Lrguk/Rimbp3/Spef2",14
"GO:0097225","CC","GO:0097225","sperm midpiece","21/1267","59/28573",3.37157028666207e-14,8.46103590986147e-13,7.28394382732507e-13,"Calm1/Ift27/Hsp90aa1/Ppp3cc/Mroh2b/Tekt4/Ppp3r2/Ift81/Pacrg/Ift172/Ptchd3/Cfap69/Nme8/Cfap58/Cfap65/Spata33/Gk2/Adgb/Tcp11/Spef2/Fsip2",21
"GO:0030992","CC","GO:0030992","intraciliary transport particle B","13/1267","20/28573",1.39949882975998e-13,3.35243583310686e-12,2.88604782596436e-12,"Ift46/Ift22/Ift27/Ift80/Ift74/Ift81/Ift57/Ift172/Ift88/Ubxn10/Ift56/Ift70a1/Ift70a2",13
"GO:0035869","CC","GO:0035869","ciliary transition zone","23/1267","77/28573",1.51544592531252e-13,3.4723478375639e-12,2.98927777487275e-12,"B9d1/Ahi1/Cfap36/Ttc8/Mak/Nek4/Ift140/Arl3/Rp1/Ush2a/Nphp1/Ift122/Ift57/Mks1/Wdr19/Tsga10ip/Cep131/Ift88/Tmem67/Cetn1/Rpgrip1/Ttbk2/Cc2d2b",23
"GO:0036156","CC","GO:0036156","inner dynein arm","10/1267","12/28573",1.72788092989811e-12,3.79413854190127e-11,3.26630123151793e-11,"Dnah2/Dnah1/Dnah12/Dnhd1/Dnah7b/Dnai3/Dnai7/Dnah6/Dnah7a/Dnah7c",10
"GO:0097730","CC","GO:0097730","non-motile cilium","32/1267","169/28573",3.1337030564009e-12,6.6058460428931e-11,5.68684638866859e-11,"Ttll5/Enkd1/Ahi1/Ttc8/Mak/Cep89/Ift140/Arl3/Rp1/Ush2a/Iftap/Nphp1/Ift80/Prom1/Ift122/Rab27a/Ift57/Dcdc2a/Bbs7/Pkd2l1/Wdr19/Ttll6/Tsga10ip/Ift88/Cfap69/Pcare/Nupl2/Rd3/Hyls1/Cetn1/Rpgrip1/Lyar",32
"GO:0036128","CC","GO:0036128","CatSper complex","11/1267","17/28573",1.2089214755092e-11,2.45039083689749e-10,2.10949455847961e-10,"Slco6c1/Catsper2/Catsperd/Catsperb/Catsperg2/Catsperg1/Catsperz/Hspa2/C2cd6/Catspere2/Catspere1",11
"GO:0097731","CC","GO:0097731","9+0 non-motile cilium","27/1267","131/28573",1.98029473957535e-11,3.86524195465262e-10,3.3275127982728e-10,"Ttll5/Enkd1/Ahi1/Ttc8/Mak/Ift140/Arl3/Rp1/Ush2a/Iftap/Nphp1/Ift80/Prom1/Ift122/Rab27a/Ift57/Bbs7/Wdr19/Ttll6/Tsga10ip/Ift88/Pcare/Nupl2/Rd3/Cetn1/Rpgrip1/Lyar",27
"GO:0033391","CC","GO:0033391","chromatoid body","10/1267","17/28573",4.15240803414608e-10,7.81542512141065e-09,6.72814985983819e-09,"Ddx4/Tdrd1/Slc25a54/Piwil1/Ddx25/Piwil2/Tdrd7/Tdrd6/Mael/Tdrd5",10
"GO:0032391","CC","GO:0032391","photoreceptor connecting cilium","15/1267","47/28573",9.15874098225459e-10,1.66436430953385e-08,1.43281936963765e-08,"Ahi1/Ttc8/Mak/Ift140/Arl3/Rp1/Ush2a/Nphp1/Ift122/Ift57/Wdr19/Tsga10ip/Ift88/Cetn1/Rpgrip1",15
"GO:0043186","CC","GO:0043186","P granule","11/1267","23/28573",1.03241628346608e-09,1.7002605668332e-08,1.46372177030882e-08,"Ddx4/Stk31/Tdrd1/Piwil1/Piwil2/Tdrd7/D1Pas1/Tdrd6/Mael/Tdrd9/Tdrd5",11
"GO:0045495","CC","GO:0045495","pole plasm","11/1267","23/28573",1.03241628346608e-09,1.7002605668332e-08,1.46372177030882e-08,"Ddx4/Stk31/Tdrd1/Piwil1/Piwil2/Tdrd7/D1Pas1/Tdrd6/Mael/Tdrd9/Tdrd5",11
"GO:0060293","CC","GO:0060293","germ plasm","11/1267","23/28573",1.03241628346608e-09,1.7002605668332e-08,1.46372177030882e-08,"Ddx4/Stk31/Tdrd1/Piwil1/Piwil2/Tdrd7/D1Pas1/Tdrd6/Mael/Tdrd9/Tdrd5",11
"GO:0097733","CC","GO:0097733","photoreceptor cell cilium","22/1267","117/28573",8.61044988158024e-09,1.375062753816e-07,1.18376519903065e-07,"Ahi1/Ttc8/Mak/Ift140/Arl3/Rp1/Ush2a/Nphp1/Prom1/Ift122/Rab27a/Ift57/Bbs7/Wdr19/Tsga10ip/Ift88/Pcare/Nupl2/Rd3/Cetn1/Rpgrip1/Lyar",22
"GO:0043073","CC","GO:0043073","germ cell nucleus","21/1267","110/28573",1.41025766098379e-08,2.18589937452488e-07,1.88179892224153e-07,"Tbp/Mlh3/Kif6/Gtf2a1l/Tesmin/Aurka/Adad1/Coil/Stpg4/Rgs22/Tcfl5/Mael/Fbxo43/Spata33/Haspin/Kdm3a/Aym1/Hspa2/Spag8/Tbpl1/Zfp59",21
"GO:0001673","CC","GO:0001673","male germ cell nucleus","18/1267","87/28573",4.09948539274864e-08,6.17265371993866e-07,5.31391941135237e-07,"Tbp/Mlh3/Kif6/Gtf2a1l/Tesmin/Adad1/Stpg4/Rgs22/Tcfl5/Mael/Spata33/Haspin/Kdm3a/Aym1/Hspa2/Spag8/Tbpl1/Zfp59",18
"GO:0030141","CC","GO:0030141","secretory granule","50/1267","498/28573",7.43015245085389e-08,1.08769176155556e-06,9.36373013543283e-07,"Slc2a3/Atp8b3/Mpo/Tex22/Zpbp2/Pcsk4/Zpbp/Glipr1l1/Pomc/Adam2/Mroh2b/Arsa/Acr/Spag6l/Stk31/Ica1l/Enkur/Chgb/Fabp9/Spag17/Spata1/Atp8b5/Dvl1/Ccdc136/Prss59/Dkkl1/Rab27a/Pomt1/Cep131/Ift88/Tmem225/Tekt3/Hps4/Tmprss12/Iqub/Spesp1/Cfap65/Rab11fip5/Spink2/Lrguk/Cfap119/Capn11/Ccdc62/Tcp11/Spag8/Tcp1/Acrbp/Ccl28/Dnajb3/Actl9",50
"GO:0005819","CC","GO:0005819","spindle","40/1267","367/28573",1.75611074149105e-07,2.50127124531293e-06,2.15329652797338e-06,"Calm1/Spag5/Chmp2b/Dynlt2b/Cenpv/Mak/Septin12/Mzt2/Cep89/Poc1a/Rsph1/Arl3/Katnal2/Spata17/Nek2/Aurka/Mad2l2/Agbl5/Dr1/Polb/Dcdc2a/Calm2/Wdr62/Cep44/Prc1/Nubp2/Cdk5rap2/Katnal1/Efhc1/Haus1/Dync2i1/Shcbp1l/Hepacam2/Haspin/Map10/Cetn1/Hspa2/Cep128/Mapk15/Aurkc",40
"GO:0034704","CC","GO:0034704","calcium channel complex","14/1267","68/28573",1.38164897036965e-06,1.91612896680212e-05,1.64955874301751e-05,"Calm1/Slco6c1/Catsper2/Calm2/Pkd2l1/Catsperd/Catsperb/Catsperg2/Catsperg1/Catsperz/Hspa2/C2cd6/Catspere2/Catspere1",14
"GO:0005891","CC","GO:0005891","voltage-gated calcium channel complex","11/1267","44/28573",2.48159761534667e-06,3.3533383161223e-05,2.88682475631421e-05,"Slco6c1/Catsper2/Catsperd/Catsperb/Catsperg2/Catsperg1/Catsperz/Hspa2/C2cd6/Catspere2/Catspere1",11
"GO:0000922","CC","GO:0000922","spindle pole","21/1267","150/28573",3.11497412375746e-06,4.10397840805046e-05,3.53303644036702e-05,"Calm1/Spag5/Dynlt2b/Cep89/Poc1a/Katnal2/Spata17/Nek2/Aurka/Calm2/Wdr62/Cep44/Nubp2/Cdk5rap2/Katnal1/Efhc1/Dync2i1/Map10/Cetn1/Cep128/Aurkc",21
"GO:0036157","CC","GO:0036157","outer dynein arm","6/1267","12/28573",5.51283101263289e-06,7.08600474062812e-05,6.10020581885693e-05,"Dync1i2/Dnah8/Dnah17/Cfap70/Nme8/Dnai1",6
"GO:0036464","CC","GO:0036464","cytoplasmic ribonucleoprotein granule","27/1267","246/28573",1.48102944885e-05,0.000185833933224749,0.000159980875301842,"Dyrk3/Fam184a/Ddx4/Pabpc1/Stk31/Tdrd1/Btbd1/Slc25a54/Ybx1/Piwil1/Igf2bp3/Ddx25/Atxn2l/Piwil2/Ddx19b/Tdrd7/Larp1/D1Pas1/Tdrd6/Mael/Dcp1b/Ago4/Pabpc6/Pabpc2/Bpi/Tdrd9/Tdrd5",27
"GO:0035686","CC","GO:0035686","sperm fibrous sheath","6/1267","14/28573",1.65933945111778e-05,0.00020336555598583,0.000175073513691986,"Spa17/Gstm5/Pgk2/Nme8/Tsga10/Ldha",6
"GO:0034451","CC","GO:0034451","centriolar satellite","17/1267","119/28573",2.01793262850473e-05,0.000241693294368634,0.000208069129876923,"Spag5/Ift43/Zmynd10/Fam184a/Cep72/Ptpn20/Pibf1/Cenpu/Cfap53/Dcdc2a/Ccdc113/Wdr62/Cep131/Dzip1/Ccdc66/Rab11fip5/Ccdc13",17
"GO:0097539","CC","GO:0097539","ciliary transition fiber","5/1267","10/28573",3.55595238857709e-05,0.000416441535284472,0.000358506544906836,"Tchp/Cep89/Odf2/Dzip1/Cep164",5
"GO:0035770","CC","GO:0035770","ribonucleoprotein granule","27/1267","264/28573",5.16808575368898e-05,0.000592082867868281,0.000509712805455367,"Dyrk3/Fam184a/Ddx4/Pabpc1/Stk31/Tdrd1/Btbd1/Slc25a54/Ybx1/Piwil1/Igf2bp3/Ddx25/Atxn2l/Piwil2/Ddx19b/Tdrd7/Larp1/D1Pas1/Tdrd6/Mael/Dcp1b/Ago4/Pabpc6/Pabpc2/Bpi/Tdrd9/Tdrd5",27
"GO:0072687","CC","GO:0072687","meiotic spindle","6/1267","18/28573",8.80191575427183e-05,0.000986938213298139,0.000849636212786373,"Rsph1/Aurka/Shcbp1l/Hspa2/Mapk15/Aurkc",6
"GO:0097224","CC","GO:0097224","sperm connecting piece","5/1267","13/28573",0.000162401462010342,0.00178303271832188,0.00153497873084336,"Glipr1l1/Dnajb13/Spata6/Cep128/Fsip2",5
"GO:0005868","CC","GO:0005868","cytoplasmic dynein complex","7/1267","28/28573",0.000172815243778089,0.0018586455810419,0.00160007239674235,"Dynlt2b/Dync1i2/Dynlrb2/Dync2i1/Dync2h1/Dynlt1a/Dynlt1f",7
"GO:0010494","CC","GO:0010494","cytoplasmic stress granule","12/1267","84/28573",0.000323890561662125,0.0034138065199188,0.00293888067529213,"Dyrk3/Pabpc1/Ybx1/Igf2bp3/Ddx25/Atxn2l/Ddx19b/Larp1/D1Pas1/Pabpc6/Pabpc2/Bpi",12
"GO:0098687","CC","GO:0098687","chromosomal region","31/1267","375/28573",0.000711548358519385,0.00735266637136698,0.00632976971149339,"Spag5/Chmp2b/Ppp2r5c/Cenpv/Meikin/Xrcc4/Nek2/Nuf2/Aurka/Itgb3bp/Lrwd1/Kat8/Cenpu/Cenpn/Arid2/Thoc5/Smc4/Baz1a/Phf2/Slx4/Flywch1/Setx/Spdya/Thoc7/Kdm4d/Arhgap33os/Chrac1/H2bc21/Aurkc/4931428L18Rik/Eid3",31
"GO:0030496","CC","GO:0030496","midbody","20/1267","203/28573",0.000742218629904228,0.00752210034537554,0.00647563217588507,"Chmp2b/Cenpv/Mak/Septin12/Arl3/Nek2/Kif3b/Agbl5/Ankrd54/Sh3glb1/Fam50b/Sccpdh/Prc1/Cep126/Hepacam2/Ankrd45/Ccdc66/Map10/Arhgap33os/Aurkc",20
"GO:0001520","CC","GO:0001520","outer dense fiber","4/1267","11/28573",0.000988262519586619,0.00972589045792549,0.00837283289197221,"Rsph1/Odf2/Odf4/Tmem232",4
"GO:0002080","CC","GO:0002080","acrosomal membrane","6/1267","27/28573",0.000996580805935439,0.00972589045792549,0.00837283289197221,"Slc2a3/Pcsk4/Ccdc136/Ift88/Tmem225/Tekt3",6
"GO:0000793","CC","GO:0000793","condensed chromosome","28/1267","337/28573",0.00116343384957985,0.0111478116132469,0.00959693759174957,"Spag5/Chmp2b/Cenpv/Psmc3ip/Meikin/Lig3/Mlh3/Rsph1/Syce1/Nek2/Nuf2/Aurka/Itgb3bp/Lrwd1/Kat8/Polb/Cenpu/Cenpn/Arid2/Syce1l/Smc4/Phf2/Hspa2/Arhgap33os/Aurkc/Ccnb1ip1/Nscme3l/Eid3",28
"GO:0001674","CC","GO:0001674","female germ cell nucleus","6/1267","28/28573",0.00122124414106926,0.0114927796847054,0.009893914000016,"Tbp/Aurka/Coil/Stpg4/Fbxo43/Aym1",6
"GO:0001917","CC","GO:0001917","photoreceptor inner segment","9/1267","61/28573",0.00139822303427264,0.0129274305098541,0.0111289774288367,"Mak/Asrgl1/Rp1/Ush2a/Pcare/Ccdc66/Rd3/Cfap418/Rdh11",9
"GO:0001750","CC","GO:0001750","photoreceptor outer segment","11/1267","86/28573",0.00144827945175794,0.0131593667426972,0.0113286468912463,"Ahi1/Mak/Ift140/Rp1/Prom1/Rab27a/Bbs7/Pcare/Nupl2/Rd3/Lyar",11
"GO:0000775","CC","GO:0000775","chromosome, centromeric region","23/1267","266/28573",0.00184350639595817,0.0164665740791518,0.0141757583703474,"Spag5/Chmp2b/Ppp2r5c/Cenpv/Meikin/Nek2/Nuf2/Aurka/Itgb3bp/Lrwd1/Kat8/Cenpu/Cenpn/Arid2/Smc4/Baz1a/Phf2/Flywch1/Kdm4d/Arhgap33os/Chrac1/H2bc21/Aurkc",23
"GO:0097542","CC","GO:0097542","ciliary tip","4/1267","13/28573",0.00199414176630177,0.0175152118473506,0.0150785105487029,"Rp1/Odad3/Ift88/Armc9",4
"GO:1902493","CC","GO:1902493","acetyltransferase complex","12/1267","104/28573",0.00220746395471277,0.019071041051371,0.0164178941239207,"Dlat/Ruvbl2/Supt20/Dr1/Kat8/Supt3/Naa11/Msl3l2/Pdha2/Brd8dc/Morf4l1/Actl9",12
"GO:0034703","CC","GO:0034703","cation channel complex","18/1267","194/28573",0.00259407423949388,0.022049631035698,0.0189821052159909,"Calm1/Gria4/Slco6c1/Catsper2/Calm2/Pkd2l1/Cntnap2/Catsperd/Catsperb/Catsperg2/Catsperg1/Catsperz/Grik2/Hspa2/C2cd6/Kcng1/Catspere2/Catspere1",18
"GO:0036038","CC","GO:0036038","MKS complex","4/1267","14/28573",0.00269443609524075,0.0225391717808234,0.0194035414711573,"B9d1/Ahi1/Mks1/Tmem67",4
"GO:0005635","CC","GO:0005635","nuclear envelope","33/1267","451/28573",0.00360005214313467,0.0296441793661245,0.0255201064751816,"Slc22a18/Gmcl1/Chmp2b/Pom121l2/Cenpv/Mtmr6/Plaat1/Senp2/Rb1cc1/Nup210l/Rnf6/Ipo5/Ggn/Tmem170/Mns1/Senp1/Ddx19b/Nxt1/Tmem97/Pcid2/Nup205/Htatip2/Cep131/Ranbp17/Sun3/Tmem18/Wdfy3/Myorg/Nupl2/Spdya/Cep128/Dpy19l2/Ak9",33
"GO:0000776","CC","GO:0000776","kinetochore","16/1267","171/28573",0.00401478661962048,0.032550654592923,0.0280222353531405,"Spag5/Chmp2b/Cenpv/Meikin/Nek2/Nuf2/Aurka/Itgb3bp/Lrwd1/Kat8/Cenpu/Cenpn/Arid2/Phf2/Arhgap33os/Aurkc",16
"GO:0060170","CC","GO:0060170","ciliary membrane","8/1267","59/28573",0.00434693880946821,0.0347096477665113,0.029880871242118,"Ift46/Ttc8/Prom1/Slc9c1/Iqce/Bbs7/Tmem67/Efcab7",8
"GO:0035267","CC","GO:0035267","NuA4 histone acetyltransferase complex","5/1267","27/28573",0.00607838711713201,0.0471075001577731,0.0405539450074906,"Ruvbl2/Msl3l2/Brd8dc/Morf4l1/Actl9",5
"GO:0043189","CC","GO:0043189","H4/H2A histone acetyltransferase complex","5/1267","27/28573",0.00607838711713201,0.0471075001577731,0.0405539450074906,"Ruvbl2/Msl3l2/Brd8dc/Morf4l1/Actl9",5
"GO:0008569","MF","GO:0008569","minus-end-directed microtubule motor activity","13/1264","20/28407",1.46212207417739e-13,1.16531129311938e-10,1.1219863074477e-10,"Dnah2/Dnah1/Dnah12/Dnhd1/Kifc3/Dnah8/Dnah17/Dnah7b/Dync2h1/Dnah14/Dnah6/Dnah7a/Dnah7c",13
"GO:0015631","MF","GO:0015631","tubulin binding","47/1264","387/28407",5.08677846606825e-10,2.0270812187282e-07,1.95171657987566e-07,"Spag5/Cimap3/Ttll5/Enkd1/Agtpbp1/Ttll1/Spag6l/Kif6/Arl3/Rp1/Ppp1r42/Ccdc181/Kif3b/Ift74/Agbl5/Ift81/D7Ertd443e/Spata4/Polb/Kifc3/Kif9/Pacrg/Dlec1/Cep44/Ttll6/Prc1/D1Pas1/Cdk5rap2/Gas8/Nme8/Katnal1/Efhc1/Dnai7/Fmn1/Ttll13/Ccdc66/Ccdc88b/Map10/Cetn1/Rab11fip5/Kif27/Agbl4/Spag8/Syt11/Lrrc61/Spef1l/Cep295nl",47
"GO:0003777","MF","GO:0003777","microtubule motor activity","17/1264","65/28407",2.32850344259774e-09,6.186057479168e-07,5.95606670053948e-07,"Dnah2/Dnah1/Dnah12/Kif6/Kif3b/Dnhd1/Kifc3/Kif9/Dnah8/Dnah17/Dnah7b/Dync2h1/Dnah14/Dnah6/Kif27/Dnah7a/Dnah7c",17
"GO:0045505","MF","GO:0045505","dynein intermediate chain binding","10/1264","32/28407",7.72604424721229e-07,0.000153941431625705,0.000148218059374152,"Dnah2/Dynlt2b/Dnah1/Dnah12/Dnaaf6rt/Dnhd1/Dnah8/Dnah17/Dynlrb2/Dync2h1",10
"GO:0051959","MF","GO:0051959","dynein light intermediate chain binding","8/1264","22/28407",2.74882149835895e-06,0.000438162146838417,0.000421871762590248,"Dnah2/Dnah1/Dnah12/Dnhd1/Dnah8/Dnah17/Dync2h1/Ccdc88b",8
"GO:0045504","MF","GO:0045504","dynein heavy chain binding","7/1264","17/28407",4.45832466922552e-06,0.000592214126895456,0.000570196260327264,"Dync1i2/Dnai4/Dync2i1/Dnali1/Dnai3/Dnai1/Lrrc61",7
"GO:0003774","MF","GO:0003774","cytoskeletal motor activity","17/1264","110/28407",7.27186672795074e-06,0.000827953968882391,0.000797171555590389,"Dnah2/Dnah1/Dnah12/Kif6/Kif3b/Dnhd1/Kifc3/Kif9/Dnah8/Dnah17/Dnah7b/Dync2h1/Dnah14/Dnah6/Kif27/Dnah7a/Dnah7c",17
"GO:0008017","MF","GO:0008017","microtubule binding","29/1264","269/28407",1.09475937202542e-05,0.00109065402438033,0.00105010471342965,"Spag5/Enkd1/Spag6l/Kif6/Arl3/Rp1/Ccdc181/Kif3b/D7Ertd443e/Spata4/Polb/Kifc3/Kif9/Cep44/Prc1/Cdk5rap2/Gas8/Nme8/Katnal1/Dnai7/Fmn1/Ccdc66/Ccdc88b/Map10/Cetn1/Kif27/Spag8/Spef1l/Cep295nl",29
"GO:0019888","MF","GO:0019888","protein phosphatase regulator activity","14/1264","86/28407",2.5124699315743e-05,0.00222493170607191,0.00214221120481598,"Calm1/Ppp2r5c/Styxl1/Ppp1r27/Phactr3/Ppp3r2/Wbp11/Ppp1r1c/Ppp1r11/Calm2/Tmem225/Elfn2/Ppp1r36/Ppp1r14bl",14
"GO:0019208","MF","GO:0019208","phosphatase regulator activity","15/1264","100/28407",3.54705249196463e-05,0.00282700083609581,0.0027218960701497,"Calm1/Ppp2r5c/Styxl1/Ppp1r27/Phactr3/Ppp3r2/Wbp11/Ppp1r1c/Ppp1r11/Calm2/Tmem225/Elfn2/Igbp1b/Ppp1r36/Ppp1r14bl",15
"GO:0004864","MF","GO:0004864","protein phosphatase inhibitor activity","9/1264","41/28407",6.41490077465403e-05,0.00464788719763569,0.00447508388968688,"Styxl1/Ppp1r27/Phactr3/Ppp1r1c/Ppp1r11/Tmem225/Elfn2/Ppp1r36/Ppp1r14bl",9
"GO:0045503","MF","GO:0045503","dynein light chain binding","5/1264","12/28407",0.000105438263058614,0.0070028579714763,0.00674249945348508,"Dync1i2/Dnai4/Dync2i1/Dnai3/Dnai1",5
"GO:0019212","MF","GO:0019212","phosphatase inhibitor activity","9/1264","47/28407",0.000196307731647921,0.0118920382584358,0.0114499054221749,"Styxl1/Ppp1r27/Phactr3/Ppp1r1c/Ppp1r11/Tmem225/Elfn2/Ppp1r36/Ppp1r14bl",9
"GO:0004693","MF","GO:0004693","cyclin-dependent protein serine/threonine kinase activity","7/1264","29/28407",0.000223815023684488,0.0118920382584358,0.0114499054221749,"Cdkl3/Cdkl1/Ccnk/Cdk20/Cdkl2/Cdkl4/Mok",7
"GO:0097472","MF","GO:0097472","cyclin-dependent protein kinase activity","7/1264","29/28407",0.000223815023684488,0.0118920382584358,0.0114499054221749,"Cdkl3/Cdkl1/Ccnk/Cdk20/Cdkl2/Cdkl4/Mok",7
"GO:0016887","MF","GO:0016887","ATP hydrolysis activity","26/1264","283/28407",0.000412498223720355,0.0205475677690702,0.0197836319139565,"Atp8b3/Ruvbl2/Dhx58/Cct6b/Abcc3/Mlh3/Hsp90aa1/Ddx4/Kif6/Katnal2/Kif3b/Chd1l/Atp8b5/Ddx25/Kif9/Smc4/Abca17/Abcc12/D1Pas1/Katnal1/Entpd1/Morc2b/Tdrd9/Hspa2/Kif27/Tcp1",26
"GO:0004623","MF","GO:0004623","phospholipase A2 activity","7/1264","34/28407",0.000635216992110365,0.0265445885795396,0.0255576901201669,"Plaat1/Pgap6/Plaat5/Pnpla2/Pla2g2c/Pla2g6/Prdx6b",7
"GO:0070739","MF","GO:0070739","protein-glutamic acid ligase activity","4/1264","10/28407",0.0006603000545793,0.0265445885795396,0.0255576901201669,"Ttll5/Ttll1/Ttll6/Ttll13",4
"GO:0070740","MF","GO:0070740","tubulin-glutamic acid ligase activity","4/1264","10/28407",0.0006603000545793,0.0265445885795396,0.0255576901201669,"Ttll5/Ttll1/Ttll6/Ttll13",4
"GO:0044183","MF","GO:0044183","protein folding chaperone","9/1264","55/28407",0.000666112636876778,0.0265445885795396,0.0255576901201669,"Clgn/Zmynd10/Cct6b/Hsp90aa1/Hspa4l/Hspb6/Hspa2/Tcp1/Dnajb3",9
"GO:0004620","MF","GO:0004620","phospholipase activity","12/1264","96/28407",0.00113440983787962,0.0430535543233362,0.0414528707676313,"Smpdl3a/Plaat1/Pgap6/Plaat5/Pnpla2/Plcd4/Pla2g2c/Pnpla7/Pla2g6/Pld6/Prdx6b/Smpd5",12
"GO:0004550","MF","GO:0004550","nucleoside diphosphate kinase activity","5/1264","19/28407",0.00119300414618637,0.0430778987099863,0.0414763100568976,"Ak8/Nme6/Nme5/Ak7/Ak9",5
"GO:0004181","MF","GO:0004181","metallocarboxypeptidase activity","6/1264","28/28407",0.00124315140568342,0.0430778987099863,0.0414763100568976,"Agtpbp1/Cpn1/Agbl5/Agbl3/Agbl2/Agbl4",6
"GO:0004674","MF","GO:0004674","protein serine/threonine kinase activity","34/1264","441/28407",0.00143520458954174,0.047660752411032,0.0458887783235057,"Ttbk1/Dyrk3/Irak3/Cdkl3/Cdkl1/Ccnk/Mak/Cdk20/Nek4/Pbk/Stk31/Pkmyt1/Pask/Nek2/Stk39/Aurka/Cdkl2/Phkg2/Stk33/Stk36/Cdkl4/Nek11/Htatip2/Ulk4/Nek10/Mapk10/Stkld1/Haspin/Grk4/Mok/Mapk15/Strada/Aurkc/Ttbk2",34
"GO:0008237","MF","GO:0008237","metallopeptidase activity","19/1264","199/28407",0.00149813506157319,0.0477605457629531,0.0459848614689201,"Stambp/Amz2/Agtpbp1/Mipep/Adam2/Cpn1/Agbl5/Adam18/Adam3/Adam5/Sprtn/Matcap2/Adam32/Agbl3/Agbl2/Adam30/Agbl4/Adam1b/Brcc3dc",19
"GO:0016298","MF","GO:0016298","lipase activity","14/1264","127/28407",0.00158815708653294,0.0486831229987211,0.0468731383029356,"Smpdl3a/Plaat1/Pgap6/Plaat5/Pnpla2/Plcd4/Pla2g2c/Mgll/Faah/Pnpla7/Pla2g6/Pld6/Prdx6b/Smpd5",14
"GO:0019783","MF","GO:0019783","ubiquitin-like protein peptidase activity","13/1264","114/28407",0.0016923218203325,0.0499548329927779,0.0480975675252395,"Stambp/Uchl5/Usp44/Usp15/Senp2/Usp20/Usp1/Usp2/Senp1/Otud7a/Mindy4/Zup1/Brcc3dc",13
